-- phpMyAdmin SQL Dump
-- version 4.8.5
-- https://www.phpmyadmin.net/
--
-- Host: 127.0.0.1
-- Generation Time: Sep 17, 2020 at 07:32 PM
-- Server version: 10.1.38-MariaDB
-- PHP Version: 7.3.4

SET SQL_MODE = "NO_AUTO_VALUE_ON_ZERO";
SET AUTOCOMMIT = 0;
START TRANSACTION;
SET time_zone = "+00:00";


/*!40101 SET @OLD_CHARACTER_SET_CLIENT=@@CHARACTER_SET_CLIENT */;
/*!40101 SET @OLD_CHARACTER_SET_RESULTS=@@CHARACTER_SET_RESULTS */;
/*!40101 SET @OLD_COLLATION_CONNECTION=@@COLLATION_CONNECTION */;
/*!40101 SET NAMES utf8mb4 */;

--
-- Database: `cu_portal`
--

-- --------------------------------------------------------

--
-- Table structure for table `core_category`
--

CREATE TABLE `core_category` (
  `id` int(10) NOT NULL,
  `year` varchar(4) DEFAULT NULL COMMENT 'ปีงบประมาณ ( ตอนแสดงผลปีให้แสดงเป็น พ.ศ.)',
  `group` int(1) DEFAULT NULL COMMENT 'หมวดงบค่าใช้จ่าย 0 = หมวดงบดำเนินงาน 1 = หมวดงบบุคคลกร',
  `detail` varchar(1024) DEFAULT NULL COMMENT 'รายละเอียดหมวดส่วนประกอบต้นทุน',
  `status` int(1) DEFAULT NULL COMMENT 'สถานะข้อมูล 0 = ปิดใช้งาน 1 = เปิดใช้งาน'
) ENGINE=InnoDB DEFAULT CHARSET=utf8mb4;

--
-- Dumping data for table `core_category`
--

INSERT INTO `core_category` (`id`, `year`, `group`, `detail`, `status`) VALUES
(1, '2564', 1, 'หมวดงบบุคลากร', 1),
(2, '2564', 0, 'หมวดค่าตอบแทน', 1),
(3, '2564', 0, 'หมวดค่าใช้สอย', 1),
(4, '2564', 0, 'หมวดค่าวัสดุ', 1),
(5, '2564', 0, 'หมวดค่าสาธารณูปโภค', 1),
(6, '2564', 0, 'หมวดเงินอุดหนุน', 1);

-- --------------------------------------------------------

--
-- Table structure for table `core_category_cost`
--

CREATE TABLE `core_category_cost` (
  `id` int(10) NOT NULL,
  `FK_CORE_CATEGORY` int(10) DEFAULT NULL,
  `year` varchar(4) DEFAULT NULL COMMENT 'ปีงบประมาณ',
  `code` varchar(10) DEFAULT NULL COMMENT 'รหัสส่วนประกอบต้นทุน',
  `detail` varchar(1024) DEFAULT NULL COMMENT 'รายละเอียดส่วนประกอบต้นทุน',
  `status` int(1) DEFAULT NULL COMMENT 'สถานะข้อมูล 0 = ปิดใช้งาน 1 = เปิดใช้งาน'
) ENGINE=InnoDB DEFAULT CHARSET=utf8mb4;

--
-- Dumping data for table `core_category_cost`
--

INSERT INTO `core_category_cost` (`id`, `FK_CORE_CATEGORY`, `year`, `code`, `detail`, `status`) VALUES
(1, 1, '2564', '5011010111', 'เงินเดือนพนักงานมหาวิทยาลัย', 1),
(2, 1, '2564', '5011010303', 'เงินเดือนลูกจ้างประจำเงินนอกงบประมาณแผ่นดิน', 1),
(3, 1, '2564', '5011010402', 'ค่าตอบแทนรายเดือนของลูกจ้างประจำ', 1),
(4, 1, '2564', '5011020106', 'เงินประจำตำแหน่งผู้เชี่ยวชาญเฉพาะ', 1),
(5, 1, '2564', '5011030106', 'เพิ่มครองชีพลจ.', 1),
(6, 1, '2564', '5011030111', 'เงินเพิ่มค่าครองชีพพนักงานมหาวิทยาลัย', 1),
(7, 2, '2564', '5031020201', 'ค่าตอบแทนช่วยราชการอื่น', 1),
(8, 2, '2564', '5031030001', 'ค่าตอบแทนการบริหารหลักสูตร', 1),
(9, 1, '2564', '5031030201', 'ค่าตอบแทนพิเศษภาระงานบริหาร', 1),
(10, 2, '2564', '5031040101', 'ค่าตอบแทนการสอน', 1),
(11, 2, '2564', '5031040102', 'ค่าตอบแทนการสอนของอาจารย์ชาวต่างประเทศ', 1),
(12, 2, '2564', '5031040103', 'ค่าตอบแทนการสอนพิเศษ', 1),
(13, 2, '2564', '5031040201', 'ค่าตอบแทนวิทยากร', 1),
(14, 2, '2564', '5031040301', 'ค่าตอบแทนการสอบ', 1),
(15, 2, '2564', '5031040302', 'ค่าตอบแทนกรรมการสอบวิทยานิพนธ์', 1),
(16, 2, '2564', '5031040303', 'ค่าตอบแทนกรรมการสัมภาษณ์/ตรวจสุขภาพ', 1),
(17, 2, '2564', '5031040304', 'ค่าตอบแทนการตรวจและออกข้อสอบ', 1),
(18, 2, '2564', '5031040305', 'ค่าตท.กก.สอบวัดคุณสมบัติ/สอบประมวลความรู้/ค้นคว้า', 1),
(19, 2, '2564', '5031050001', 'ค่าตอบแทนเฉพาะงาน', 1),
(20, 2, '2564', '5031050002', 'ค่าตอบแทนผู้ควบคุมปฏิบัติการ', 1),
(21, 2, '2564', '5031050003', 'ค่าตอบแทนผู้ทรงคุณวุฒิ/ผู้เชี่ยวชาญ', 1),
(22, 2, '2564', '5031050004', 'ค่าตอบแทนกรรมการพิจารณาผลงานวิชาการ', 1),
(23, 2, '2564', '5031050005', 'ค่าตอบแทนนักวิจัย/ผู้ช่วยนักวิจัย', 1),
(24, 2, '2564', '5031050007', 'ค่าตอบแทนคณะกรรมการดำเนินโครงการ', 1),
(25, 2, '2564', '5031050008', 'ค่าตอบแทนการออกแบบงานก่อสร้าง', 1),
(26, 2, '2564', '5031050009', 'ค่าควบคุมงานก่อสร้าง', 1),
(27, 2, '2564', '5031060001', 'ค่าเบี้ยประชุมกรรมการ', 1),
(28, 2, '2564', '5031070001', 'ค่าตอบแทนการปฏิบัติงานนอกเวลา', 1),
(29, 6, '2564', '5031080106', 'ค่ารักษาพยาบาล', 1),
(30, 6, '2564', '5031080107', 'ค่ารักษาพยาบาลของนิสิต', 1),
(31, 6, '2564', '5031080203', 'เงินอุดหนุนการศึกษาบุตร', 1),
(32, 2, '2564', '5031089999', 'ค่าสวัสดิการอื่น ๆ', 1),
(33, 1, '2564', '5031090101', 'เงินบำเหน็จ', 1),
(34, 1, '2564', '5031090103', 'เงินบำเหน็จดำรงชีพ', 1),
(35, 1, '2564', '5031110103', 'ค่าตอบแทนพิเศษของลูกจ้างประจำ', 1),
(36, 2, '2564', '5031990001', 'ค่าตอบแทนเงินรางวัลที่เกี่ยวกับผลงานวิชาการ/วิจัย', 1),
(37, 2, '2564', '5031990002', 'ค่าตอบแทนเหมาจ่าย', 1),
(38, 2, '2564', '5031990003', 'ค่าตอบแทนนิสิตช่วยงาน', 1),
(39, 1, '2564', '5031990005', 'ค่าตอบแทนพิเศษเบื้องต้นสำหรับคณาจารย์', 1),
(40, 2, '2564', '5031990006', 'ค่าตอบแทนบุคลากรทางการแพทย์', 1),
(41, 2, '2564', '5031990199', 'ค่าตอบแทนอื่น', 1),
(42, 3, '2564', '5032010101', 'ค่าลงทะเบียนไปประชุมสัมมนาและฝึกอบรมในประเทศ', 1),
(43, 3, '2564', '5032010102', 'ค่าเบี้ยเลี้ยงไปประชุมสัมมนาและฝึกอบรมในประเทศ', 1),
(44, 3, '2564', '5032010103', 'ค่าที่พักไปประชุมสัมมนาและฝึกอบรมในประเทศ', 1),
(45, 3, '2564', '5032010104', 'ค่าเบี้ยเลี้ยงที่พักไปประชุมสัมมนาในปท.(เหมาจ่าย)', 1),
(46, 3, '2564', '5032010105', 'ค่าพาหนะไปประชุมสัมมนาและฝึกอบรมในประเทศ', 1),
(47, 3, '2564', '5032010106', 'ค่าใช้จ่ายอื่นในการไปประชุมสัมมนา&ฝึกอบรมในประเทศ', 1),
(48, 3, '2564', '5032010107', 'ค่าใช้จ่ายศึกษาดูงานนอกสถานที่', 1),
(49, 3, '2564', '5032010201', 'ค่าลงทะเบียนไปประชุมสัมมนาและฝึกอบรมต่างประเทศ', 1),
(50, 3, '2564', '5032010202', 'ค่าเบี้ยเลี้ยงไปประชุมสัมมนาและฝึกอบรมต่างประเทศ', 1),
(51, 3, '2564', '5032010203', 'ค่าที่พักไปประชุมสัมมนาและฝึกอบรมต่างประเทศ', 1),
(52, 3, '2564', '5032010204', 'ค่าเบี้ยเลี้ยงที่พักไปประชุมสัมมนาตปท.(เหมาจ่าย)', 1),
(53, 3, '2564', '5032010205', 'ค่าพาหนะไปประชุมสัมมนาและฝึกอบรมต่างประเทศ', 1),
(54, 3, '2564', '5032010206', 'คชจ.อื่นในการไปประชุมสัมมนา&ฝึกอบรมตปท.', 1),
(55, 3, '2564', '5032010301', 'ค่าใช้จ่ายในการจัดประชุมสัมมนาและฝึกอบรมในประเทศ', 1),
(56, 3, '2564', '5032010311', 'ค่าอาหารว่างและเครื่องดื่มในการสัมมนาและฝึกอบรม', 1),
(57, 3, '2564', '5032010312', 'ค่าอาหารว่างและเครื่องดื่มในการจัดประชุม', 1),
(58, 3, '2564', '5032010313', 'ค่าอาหารในการสัมมนาและฝึกอบรม', 1),
(59, 3, '2564', '5032010314', 'ค่าอาหารในการจัดประชุมราชการ', 1),
(60, 3, '2564', '5032010401', 'ค่าใช้จ่ายในการจัดประชุมสัมมนาและฝึกอบรมต่างประเทศ', 1),
(61, 3, '2564', '5032020101', 'ค่าเบี้ยเลี้ยงในการเดินทางปฏิบัติราชการในประเทศ', 1),
(62, 3, '2564', '5032020102', 'ค่าที่พักในการเดินทางปฏิบัติราชการในประเทศ', 1),
(63, 3, '2564', '5032020103', 'ค่าเบี้ยเลี้ยงที่พัก-ปฏิบัติราชการในปท.(เหมาจ่าย)', 1),
(64, 3, '2564', '5032020104', 'ค่าพาหนะในการเดินทางปฏิบัติราชการในประเทศ', 1),
(65, 3, '2564', '5032020105', 'ค่าโดยสารเครื่องบินในเดินทางปฏิบัติราชการในประเทศ', 1),
(66, 3, '2564', '5032020106', 'ค่าใช้จ่ายอื่นในการเดินทางปฏิบัติราชการในประเทศ', 1),
(67, 3, '2564', '5032020107', 'ค่าใช้จ่ายศึกษาดูงานนอกสถานที่', 1),
(68, 3, '2564', '5032020201', 'ค่าเบี้ยเลี้ยงในเดินทางปฏิบัติราชการในต่างประเทศ', 1),
(69, 3, '2564', '5032020202', 'ค่าที่พักในเดินทางปฏิบัติราชการในต่างประเทศ', 1),
(70, 3, '2564', '5032020203', 'ค่าเบี้ยเลี้ยงที่พัก-ปฏิบัติราชการในตปท.(เหมาจ่าย)', 1),
(71, 3, '2564', '5032020204', 'ค่าพาหนะในเดินทางปฏิบัติราชการในต่างประเทศ', 1),
(72, 3, '2564', '5032020205', 'ค่าโดยสารเครื่องบินในเดินทางปฏิบัติราชการในตปท.', 1),
(73, 3, '2564', '5032020206', 'ค่าใช้จ่ายอื่นในเดินทางปฏิบัติราชการในต่างประเทศ', 1),
(74, 3, '2564', '5032030101', 'ค่าเบี้ยเลี้ยงของชาวต่างประเทศ', 1),
(75, 3, '2564', '5032030102', 'ค่าที่พักของชาวต่างประเทศ', 1),
(76, 3, '2564', '5032030103', 'ค่าพาหนะของชาวต่างประเทศ', 1),
(77, 3, '2564', '5032030104', 'ค่าพาหนะ เบี้ยเลี้ยง ที่พักของชาวตปท. (เหมาจ่าย)', 1),
(78, 3, '2564', '5032030105', 'ค่าใช้จ่ายอื่นของชาวต่างประเทศ', 1),
(79, 3, '2564', '5032040101', 'ค่าซ่อมแซมและบำรุงรักษาครุภัณฑ์สำนักงาน', 1),
(80, 3, '2564', '5032040102', 'ค่าซ่อมแซมและบำรุงรักษาครุภัณฑ์การศึกษา', 1),
(81, 3, '2564', '5032040103', 'ค่าซ่อมแซมและบำรุงรักษาครุภัณฑ์ก่อสร้าง', 1),
(82, 3, '2564', '5032040104', 'ค่าซ่อมแซมและบำรุงรักษาครุภัณฑ์การเกษตร', 1),
(83, 3, '2564', '5032040105', 'ค่าซ่อมแซมและบำรุงรักษาครุภัณฑ์โรงงาน', 1),
(84, 3, '2564', '5032040106', 'ค่าซ่อมแซมและบำรุงรักษาครุภัณฑ์ไฟฟ้าและวิทยุ', 1),
(85, 3, '2564', '5032040107', 'ค่าซ่อมแซมและบำรุงรักษาครุภัณฑ์คอมพิวเตอร์', 1),
(86, 3, '2564', '5032040108', 'ค่าซ่อมแซมและบำรุงรักษาครุภัณฑ์โฆษณาและเผยแพร่', 1),
(87, 3, '2564', '5032040109', 'ค่าซ่อมแซม&บำรุงรักษาครุภัณฑ์วิทยาศาสตร์&การแพทย์', 1),
(88, 3, '2564', '5032040110', 'ค่าซ่อมแซมและบำรุงรักษาครุภัณฑ์งานบ้านงานครัว', 1),
(89, 3, '2564', '5032040113', 'ค่าซ่อมแซม&บำรุงรักษาครุภัณฑ์ยานพาหนะ&ขนส่งจดทบ.', 1),
(90, 3, '2564', '5032040117', 'ค่าซ่อมแซมและบำรุงรักษาครุภัณฑ์สำรวจ', 1),
(91, 3, '2564', '5032040118', 'ค่าซ่อมแซม&บำรุงรักษาครุภัณฑ์อุปกรณ์ห้องปฎิบัติการ', 1),
(92, 3, '2564', '5032040201', 'ค่าซ่อมแซมและบำรุงรักษาอาคาร', 1),
(93, 3, '2564', '5032040301', 'ค่าซ่อมแซมและบำรุงรักษาระบบสาธารณูปโภคภายในอาคาร', 1),
(94, 3, '2564', '5032040401', 'ค่าซ่อมแซมและบำรุงรักษาระบบสาธารณูปโภคภายนอกอาคาร', 1),
(95, 3, '2564', '5032040501', 'ค่าซ่อมแซมและบำรุงรักษาภูมิสถาปัตยกรรม', 1),
(96, 3, '2564', '5032040701', 'ค่าซ่อมแซมและบำรุงรักษาระบบคอมพิวเตอร์', 1),
(97, 3, '2564', '5032040901', 'ค่าซ่อมแซมครุภัณฑ์', 1),
(98, 3, '2564', '5032050001', 'ค่าจ้างเหมาจ่าย', 1),
(99, 3, '2564', '5032060101', 'ค่าบริการทำความสะอาด', 1),
(100, 3, '2564', '5032060102', 'ค่าบริการกำจัดปลวก หนู แมลง', 1),
(101, 3, '2564', '5032060103', 'ค่าบริการเก็บขยะ', 1),
(102, 3, '2564', '5032060104', 'ค่าบริการจัดการตกแต่งสถานที่', 1),
(103, 3, '2564', '5032060105', 'ค่าบริการบำรุงรักษาลิฟท์', 1),
(104, 3, '2564', '5032060106', 'ค่าจ้างบริการความปลอดภัย', 1),
(105, 3, '2564', '5032060107', 'ค่าจ้างเหมาบริการอื่น', 1),
(106, 3, '2564', '5032070101', 'ค่าธรรมเนียมธนาคาร', 1),
(107, 3, '2564', '5032079902', 'ค่าธรรมเนียมและค่าบำรุงสมาชิก', 1),
(108, 3, '2564', '5032079903', 'ค่าธรรมเนียมสมัครแข่งขันกีฬา', 1),
(109, 3, '2564', '5032079904', 'ค่าธรรมเนียมอื่น', 1),
(110, 3, '2564', '5032080101', 'ค่ารับรอง', 1),
(111, 3, '2564', '5032080102', 'ค่าของที่ระลึก', 1),
(112, 3, '2564', '5032080201', 'ค่าใช้จ่ายในพิธีการ', 1),
(113, 3, '2564', '5032080202', 'ค่าใช้จ่ายพิธีทางศาสนา', 1),
(114, 3, '2564', '5032080203', 'ค่าใช้จ่ายในพิธีการของนิสิต', 1),
(115, 3, '2564', '5032090001', 'ค่าเบี้ยประกันภัยอาคาร', 1),
(116, 3, '2564', '5032090002', 'ค่าเบี้ยประกันภัยทรัพย์สิน', 1),
(117, 3, '2564', '5032090003', 'ค่าเบี้ยประกันภัยยานพาหนะ', 1),
(118, 3, '2564', '5032090004', 'ค่าเบี้ยประกันอุบัติเหตุเดินทาง', 1),
(119, 1, '2564', '5032090005', 'ค่าเบี้ยประกันสุขภาพ', 1),
(120, 3, '2564', '5032090005', 'ค่าเบี้ยประกันสุขภาพ', 1),
(121, 1, '2564', '5032990301', 'เงินสมทบ - เงินประกันสังคมในส่วนของนายจ้าง', 1),
(122, 1, '2564', '5032990401', 'เงินสมทบ - กองทุนเงินสำรองเลี้ยงชีพ', 1),
(123, 1, '2564', '5032990402', 'ค่าทะเบียนสมาชิกกองทุนเงินสำรองเลี้ยงชีพ', 1),
(124, 3, '2564', '5032999901', 'ค่าอาหารและเครื่องดื่ม', 1),
(125, 3, '2564', '5032999902', 'ค่าใช้จ่ายโฆษณาประชาสัมพันธ์', 1),
(126, 3, '2564', '5032999904', 'ค่าเช่าสถานที่และทรัพย์สิน', 1),
(127, 3, '2564', '5032999905', 'คชจ.บำรุงอาคารสถานที่ทรัพย์สินระหว่างหน่วยงานภายใน', 1),
(128, 3, '2564', '5032999906', 'ค่าเช่าโปรแกรมสำเร็จรูป', 1),
(129, 3, '2564', '5032999907', 'ค่าใช้จ่ายในการแข่งขันกีฬา', 1),
(130, 3, '2564', '5032999908', 'ค่าของขวัญ ของรางวัลและเงินรางวัล', 1),
(131, 3, '2564', '5032999909', 'ค่าขนส่งระหว่างประเทศ', 1),
(132, 3, '2564', '5032999910', 'ค่าตรวจและวิเคราะห์ทางห้องปฎิบัติการ', 1),
(133, 3, '2564', '5032999911', 'ค่าสมัครสอบแบบทดสอบต่างประเทศ', 1),
(134, 3, '2564', '5032999912', 'ค่าใช้จ่ายจัดทำเอกสารประกอบการบรรยาย', 1),
(135, 3, '2564', '5032999913', 'ค่าใช้จ่ายในการจัดทำหนังสือสำคัญ', 1),
(136, 3, '2564', '5032999915', 'ค่าใช้จ่ายในการเดินทางกรรมการ', 1),
(137, 3, '2564', '5032999916', 'ค่าสอบบัญชี', 1),
(138, 3, '2564', '5032999917', 'ค่าภาษีรถยนต์', 1),
(139, 4, '2564', '5033000001', 'ค่าวัสดุสำนักงาน', 1),
(140, 4, '2564', '5033000002', 'ค่าวัสดุการศึกษา', 1),
(141, 4, '2564', '5033000003', 'ค่าวัสดุก่อสร้าง', 1),
(142, 4, '2564', '5033000004', 'ค่าวัสดุการเกษตร', 1),
(143, 4, '2564', '5033000005', 'ค่าวัสดุโรงงาน', 1),
(144, 4, '2564', '5033000006', 'ค่าวัสดุไฟฟ้าและวิทยุ', 1),
(145, 4, '2564', '5033000007', 'ค่าวัสดุคอมพิวเตอร์', 1),
(146, 4, '2564', '5033000008', 'ค่าวัสดุโฆษณาและเผยแพร่', 1),
(147, 4, '2564', '5033000009', 'ค่าวัสดุวิทยาศาสตร์และการแพทย์', 1),
(148, 4, '2564', '5033000010', 'ค่าวัสดุงานบ้านงานครัว', 1),
(149, 4, '2564', '5033000011', 'ค่าวัสดุกีฬา', 1),
(150, 4, '2564', '5033000012', 'ค่าวัสดุดนตรีและนาฏศิลป์', 1),
(151, 4, '2564', '5033000013', 'ค่าวัสดุยานพาหนะและขนส่ง', 1),
(152, 4, '2564', '5033000014', 'ค่าวัสดุอาวุธ', 1),
(153, 4, '2564', '5033000015', 'ค่าวัสดุสนาม', 1),
(154, 4, '2564', '5033000016', 'ค่าวัสดุสำรวจ', 1),
(155, 4, '2564', '5033000017', 'ค่าวัสดุเครื่องแต่งกาย', 1),
(156, 4, '2564', '5033000018', 'ค่าวัสดุเชื้อเพลิงและหล่อลื่น', 1),
(157, 4, '2564', '5033000019', 'ค่าวัสดุเครื่องบริโภค', 1),
(158, 5, '2564', '5041000001', 'ค่าไฟฟ้า', 1),
(159, 5, '2564', '5042000001', 'ค่าน้ำประปา', 1),
(160, 5, '2564', '5043000001', 'ค่าไปรษณีย์และโทรเลข', 1),
(161, 5, '2564', '5044000001', 'ค่าโทรศัพท์และโทรสารในประเทศ', 1),
(162, 5, '2564', '5044000002', 'ค่าโทรศัพท์และโทรสารต่างประเทศ', 1),
(163, 5, '2564', '5045000001', 'ค่าบริการด้าน Internet', 1),
(164, 5, '2564', '5045000003', 'ค่าบริการสื่อสารและโทรคมนาคมอื่น', 1),
(165, 5, '2564', '5045000004', 'ค่าเช่าช่องสัญญาณ', 1),
(166, 6, '2564', '5052010102', 'เงินอุดหนุนสนับสนุนคณะ/สถาบัน/ศูนย์/สำนัก', 1),
(167, 6, '2564', '5052010103', 'เงินอุดหนุนค่าสวัสดิการอื่นๆ', 1),
(168, 6, '2564', '5052010105', 'เงินอุดหนุนคชจ.ในการไปประชุม สัมนา ฝึกอบรมในตปท.', 1),
(169, 6, '2564', '5052010106', 'เงินอุดหนุนค่าธรรมเนียมต่างๆ', 1),
(170, 6, '2564', '5052010107', 'เงินอุดหนุนค่าใช้จ่ายในพิธีการ', 1),
(171, 6, '2564', '5052010108', 'เงินอุดหนุนค่าวัสดุ', 1),
(172, 6, '2564', '5052010109', 'เงินอุดหนุนค่าสาธารณูปโภค', 1),
(173, 6, '2564', '5052010111', 'เงินบำเหน็จชดเชยพนม.หมวดเงินอุดหนุน', 1),
(174, 1, '2564', '5052010113', 'เงินบำเหน็จชดเชยพนม.', 1),
(175, 6, '2564', '5052010113', 'เงินบำเหน็จชดเชยพนม.', 1),
(176, 1, '2564', '5052010114', 'เงินบำเหน็จชดเชยพนม.', 1),
(177, 1, '2564', '5052010116', 'เงินชดเชยกรณีให้ออกจากงาน', 1),
(178, 1, '2564', '5052010121', 'เงินบำเหน็จชดเชยพนม.วิสามัญ', 1),
(179, 6, '2564', '5052010301', 'เงินอุดหนุนภาควิชา', 1),
(180, 6, '2564', '5053010001', 'เงินอุดหนุนการศึกษาของนิสิต', 1),
(181, 6, '2564', '5053010002', 'เงินทุนอุดหนุนการศึกษาผู้ช่วยสอน', 1),
(182, 6, '2564', '5053010003', 'เงินทุนอุดหนุนการทำวิทยานิพนธ์', 1),
(183, 6, '2564', '5053010004', 'เงินทุนอุดหนุนค่าเล่าเรียน/ค่าธรรมเนียมการศึกษา', 1),
(184, 6, '2564', '5053010005', 'เงินทุนเฉลิมพระเกียรติ 72 พรรษา', 1),
(185, 6, '2564', '5053010006', 'เงินทุนอุดหนุนการไปเสนอผลงานวิชาการในประเทศ', 1),
(186, 6, '2564', '5053010007', 'เงินทุนอน.การไปเสนอผลงานวิชาการในตปท. (นิสิตป.เอก)', 1),
(187, 6, '2564', '5053010008', 'รายจ่ายทุนการศึกษา', 1),
(188, 6, '2564', '5053010009', 'เงินทุนดุษฎีบัณฑิตเพื่อพัฒนาศาสตร์', 1),
(189, 6, '2564', '5053010010', 'เงินทุนวิจัยต่างประเทศ', 1),
(190, 6, '2564', '5053010011', 'เงินทุนสำหรับผู้มีความสามารถพิเศษ', 1),
(191, 6, '2564', '5053010012', 'เงินทุนอุดหนุนนิสิตต่างประเทศ', 1),
(192, 6, '2564', '5053010013', 'เงินทุนอุดหนุนการศึกษาเงินทุนสมเด็จพระเทพฯ', 1),
(193, 6, '2564', '5053020001', 'เงินอุดหนุนการศึกษาของอาจารย์', 1),
(194, 6, '2564', '5053030001', 'เงินอุดหนุนการศึกษาขั้นพื้นฐาน (ร.ร.สาธิตจุฬาฯ)', 1),
(195, 6, '2564', '5053030002', 'เงินอุดหนุนโครงการเรียนฟรี', 1),
(196, 6, '2564', '5054010001', 'เงินอุดหนุนค่าตอบแทนบุคลากรของโครงการวิจัย', 1),
(197, 6, '2564', '5054010004', 'เงินอุดหนุนค่าใช้สอยและวัสดุโครงการวิจัย', 1),
(198, 6, '2564', '5054010005', 'เงินอุดหนุนค่าดำเนินงานวิจัยของมหาวิทยาลัย', 1),
(199, 6, '2564', '5054010006', 'เงินอุดหนุนค่าจ้างบุคลากรของโครงการวิจัย', 1),
(200, 6, '2564', '5054020001', 'เงินอุดหนุนเพื่อสนับสนุนการเผยแพร่ผลงานวิจัย', 1),
(201, 6, '2564', '5055020001', 'เงินอุดหนุนค่าวัสดุวิทยาศาสตร์', 1),
(202, 6, '2564', '5055020002', 'เงินอุดหนุนคณะ&หน่วยงานที่เกี่ยวข้อง(ตั้งสหสาขา)', 1),
(203, 6, '2564', '5055020004', 'เงินอุดหนุนกิจกรรมทางวิชาการ', 1),
(204, 6, '2564', '5055020005', 'เงินอุดหนุนกิจกรรมสโมสรนิสิต', 1),
(205, 6, '2564', '5055020006', 'เงินอุดหนุนเพื่อสนับสนุนกิจกรรมภายในหน่วยงานอื่นๆ', 1),
(206, 6, '2564', '5056010001', 'เงินอุดหนุนพัฒนาวิชาการ', 1),
(207, 6, '2564', '5056010002', 'เงินอน.สมทบกท.ตามพันธกิจจากการให้บริการทางวิชาการ', 1),
(208, 1, '2564', '5059020001', 'เงินอุดหนุนค่าจ้าง พนง.วิสามัญ', 1),
(209, 6, '2564', '5059110001', 'เงินอุดหนุนค่าตอบแทนบุคลากรของโครงการเฉพาะ', 1),
(210, 6, '2564', '5059110002', 'เงินอุดหนุนค่าดำเนินงานของโครงการเฉพาะ', 1),
(211, 1, '2564', '5059110004', 'เงินอุดหนุนเงินสมทบ - เงินประกันสังคม', 1),
(212, 6, '2564', '5059110007', 'เงินอุดหนุนค่าเช่าบ้าน', 1),
(213, 6, '2564', '5059110008', 'เงินอุดหนุนค่าตอบแทนของโครงการเฉพาะ', 1),
(214, 6, '2564', '5059110009', 'เงินอุดหนุนค่าใช้สอยของโครงการเฉพาะ', 1),
(215, 6, '2564', '5059110010', 'เงินอุดหนุนค่าวัสดุของโครงการเฉพาะ', 1),
(216, 6, '2564', '5059110011', 'เงินอุดหนุนค่าสาธารณูปโภคของโครงการเฉพาะ', 1),
(217, 6, '2564', '5999900007', 'เงินสำรอง', 1);

-- --------------------------------------------------------

--
-- Table structure for table `core_department`
--

CREATE TABLE `core_department` (
  `id` int(10) NOT NULL,
  `year` varchar(4) DEFAULT NULL COMMENT 'ตอนแสดงผลปีให้แสดงเป็น พ.ศ.',
  `code` int(10) DEFAULT NULL COMMENT 'รหัสภาควิชา',
  `name` varchar(50) DEFAULT NULL COMMENT 'ชื่อภาควิชา',
  `name_short` varchar(50) DEFAULT NULL COMMENT 'ชื่อย่อภาควิชา',
  `factor` int(2) DEFAULT NULL COMMENT 'ต้นทุนภาควิชา',
  `status` int(1) DEFAULT NULL COMMENT 'สถานะข้อมูล 0 = ปิดใช้งาน 1 = เปิดใช้งาน'
) ENGINE=InnoDB DEFAULT CHARSET=utf8mb4;

--
-- Dumping data for table `core_department`
--

INSERT INTO `core_department` (`id`, `year`, `code`, `name`, `name_short`, `factor`, `status`) VALUES
(1, '2564', 2301, 'คณิตศาสตร์และวิทยาการคอมพิวเตอร์', 'MATH', 5, 1),
(2, '2564', 2302, 'เคมี', 'CHEM', 15, 1),
(3, '2564', 2303, 'ชีววิทยา', 'BIO', 10, 1),
(4, '2564', 2034, 'ฟิสิกส์', 'PHY', 10, 1),
(5, '2564', 2305, 'พฤกษศาสตร์', 'BOT', 10, 1),
(6, '2564', 2306, 'เคมีเทคนิค', 'CHEMTECH', 15, 1),
(7, '2564', 2307, 'ธรณีวิทยา', 'GEO', 10, 1),
(8, '2564', 2308, 'วิทยาศาสตร์สิ่งแวดล้อม', 'ENVI', 15, 1),
(9, '2564', 2309, 'วิทยาศาสตร์ทางทะเล', 'MARINE', 15, 1),
(10, '2564', 2310, 'ชีวะเคมี', 'BIOCHEM', 25, 1),
(11, '2564', 2311, 'วัสดุศาสตร์', 'MATERIAL', 20, 1),
(12, '2564', 2312, 'จุลชีววิทยา', 'MICRO', 25, 1),
(13, '2564', 2313, 'วิทยาศาสตร์ทางภาพถ่ายและ เทคโนโลยีการพิมพ์', 'PHOTO', 15, 1),
(14, '2564', 2314, 'เทคโนโลยีทางอาหาร', 'FOOD', 20, 1),
(15, '2564', 2341, 'หลักสูตรเทคโนโลยีชีวภาพ', 'biotech', 0, 1),
(16, '2564', 2342, 'หลักสูตรปิโตรเคมีและวิทยาศาสตร์พอลิเมอร์\r\n', 'petropoly', 0, 1),
(17, '2564', 2343, 'Agricultural Technology', 'agricultural', 0, 1),
(18, '2564', 2347, 'หลักสูตรเทคโนโลยีเยื่อและกระดาษ\r\n', 'paper\r\n', 0, 1),
(19, '2564', 2351, 'หลักสูตรธรณีศาสตร์ปิโตรเลียม', 'petrogeo\r\n', 0, 1),
(20, '2564', 2352, 'หลักสูตรวิทยาศาสตร์ชีวภาพ\r\n', 'biologic\r\n', 0, 1),
(21, '2564', 2353, 'วท.ม.วิทยาศาสตร์เพื่ออุตสาหกรรม', 'SciFi', 0, 1);

-- --------------------------------------------------------

--
-- Table structure for table `core_faction`
--

CREATE TABLE `core_faction` (
  `id` int(10) NOT NULL,
  `year` varchar(4) DEFAULT NULL COMMENT 'ปีงบประมาณ (ตอนแสดงผลปีให้แสดงเป็น พ.ศ.)',
  `code` varchar(10) DEFAULT NULL COMMENT 'รหัสฝ่าย',
  `name` varchar(1024) DEFAULT NULL COMMENT 'ชื่อฝ่าย',
  `status` int(1) DEFAULT NULL COMMENT 'สถานะข้อมูล 0 = ปิดใช้งาน 1 = เปิดใช้งาน'
) ENGINE=InnoDB DEFAULT CHARSET=utf8mb4;

--
-- Dumping data for table `core_faction`
--

INSERT INTO `core_faction` (`id`, `year`, `code`, `name`, `status`) VALUES
(1, '2564', '1', 'กิจการนิสิต', 1),
(2, '2564', '2', 'บริหาร', 1),
(3, '2564', '3', 'วิจัย', 1),
(4, '2564', '4', 'แผนและพัฒนา', 1),
(5, '2564', '5', 'วิชาการ', 1);

-- --------------------------------------------------------

--
-- Table structure for table `core_ftes`
--

CREATE TABLE `core_ftes` (
  `id` int(10) NOT NULL,
  `FK_CORE_DEPARTMENT` int(10) DEFAULT NULL,
  `year` varchar(4) DEFAULT NULL COMMENT 'ปีงบประมาณ ให้แสดงผลเป็น พ.ศ.',
  `lec` decimal(10,0) DEFAULT NULL COMMENT 'FTES Lecture',
  `lec_inter` decimal(10,0) DEFAULT NULL COMMENT 'FTES Lecture Inter',
  `lab` decimal(10,0) DEFAULT NULL COMMENT 'FTES Lab',
  `lab_inter` decimal(10,0) DEFAULT NULL COMMENT 'FTES Lab Inter',
  `leco` decimal(10,0) DEFAULT NULL COMMENT 'FTES Lecture นอกคณะ',
  `leco_inter` decimal(10,0) DEFAULT NULL COMMENT 'FTES Lecture Inter นอกคณะ',
  `labo` decimal(10,0) DEFAULT NULL COMMENT 'FTES Lab นอกคณะ',
  `labo_inter` decimal(10,0) DEFAULT NULL COMMENT 'FTES Lab Inter นอกคณะ'
) ENGINE=InnoDB DEFAULT CHARSET=utf8mb4;

--
-- Dumping data for table `core_ftes`
--

INSERT INTO `core_ftes` (`id`, `FK_CORE_DEPARTMENT`, `year`, `lec`, `lec_inter`, `lab`, `lab_inter`, `leco`, `leco_inter`, `labo`, `labo_inter`) VALUES
(1, 1, '2557', '899', '23', '32', '0', '754', '142', '26', '2'),
(2, 2, '2557', '648', '144', '161', '37', '472', '32', '112', '6'),
(4, 3, '2557', '225', '6', '67', '0', '181', '36', '50', '3'),
(5, 4, '2557', '322', '5', '61', '2', '450', '62', '77', '21'),
(6, 5, '2557', '187', '1', '33', '0', '219', '14', '35', '0'),
(7, 6, '2557', '161', '0', '41', '0', '0', '0', '0', '0'),
(8, 7, '2557', '162', '0', '45', '0', '4', '0', '1', '0'),
(9, 8, '2557', '131', '0', '9', '0', '108', '11', '7', '0'),
(10, 9, '2557', '51', '0', '8', '0', '3', '0', '0', '0'),
(11, 10, '2557', '116', '0', '21', '0', '91', '0', '18', '0'),
(12, 11, '2557', '156', '0', '25', '0', '3', '0', '1', '0'),
(13, 12, '2557', '78', '0', '37', '0', '0', '0', '0', '0'),
(14, 13, '2557', '159', '2', '15', '0', '306', '42', '29', '0'),
(15, 14, '2557', '134', '0', '29', '0', '33', '2', '6', '0'),
(17, 1, '2558', '918', '23', '34', '0', '767', '181', '28', '0'),
(18, 2, '2558', '678', '167', '165', '47', '457', '60', '108', '21'),
(19, 3, '2558', '230', '8', '66', '1', '186', '51', '48', '10'),
(20, 4, '2558', '352', '8', '92', '3', '443', '95', '121', '33'),
(21, 5, '2558', '164', '1', '31', '0', '166', '23', '29', '0'),
(22, 6, '2558', '170', '0', '44', '0', '0', '0', '0', '0'),
(23, 7, '2558', '184', '0', '58', '0', '7', '0', '2', '0'),
(24, 8, '2558', '145', '17', '7', '0', '162', '36', '7', '0'),
(25, 9, '2558', '55', '0', '9', '0', '8', '0', '1', '0'),
(26, 10, '2558', '134', '0', '22', '0', '100', '1', '19', '0'),
(27, 11, '2558', '156', '0', '26', '0', '2', '0', '0', '0'),
(28, 12, '2558', '154', '0', '39', '0', '0', '0', '0', '0'),
(29, 13, '2558', '194', '1', '14', '0', '409', '49', '30', '0'),
(30, 14, '2558', '134', '4', '28', '0', '46', '9', '8', '0'),
(62, 1, '2559', '945', '23', '35', '0', '735', '1165', '26', '1'),
(63, 2, '2559', '641', '125', '157', '30', '454', '581', '107', '11'),
(64, 3, '2559', '233', '11', '70', '1', '158', '429', '44', '6'),
(65, 4, '2559', '412', '6', '99', '2', '426', '850', '102', '24'),
(66, 5, '2559', '157', '1', '29', '0', '189', '147', '28', '0'),
(67, 6, '2559', '161', '0', '44', '0', '0', '0', '0', '0'),
(68, 7, '2559', '169', '0', '47', '0', '11', '66', '3', '0'),
(69, 8, '2559', '155', '2', '7', '0', '171', '266', '7', '0'),
(70, 9, '2559', '50', '0', '7', '0', '4', '0', '1', '0'),
(71, 10, '2559', '141', '0', '26', '0', '101', '0', '20', '0'),
(72, 11, '2559', '134', '0', '21', '0', '2', '0', '0', '0'),
(73, 12, '2559', '91', '0', '40', '0', '6', '0', '2', '0'),
(74, 13, '2559', '182', '1', '15', '0', '420', '270', '34', '0'),
(75, 14, '2559', '138', '1', '28', '0', '39', '108', '7', '0'),
(77, 1, '2560', '961', '32', '35', '0', '916', '1140', '28', '34'),
(78, 2, '2560', '665', '110', '154', '23', '555', '39', '133', '9'),
(79, 3, '2560', '233', '10', '68', '2', '174', '46', '47', '5'),
(80, 4, '2560', '401', '10', '102', '3', '527', '72', '137', '20'),
(81, 5, '2560', '182', '1', '32', '0', '204', '18', '28', '0'),
(82, 6, '2560', '157', '0', '43', '0', '0', '0', '0', '0'),
(83, 7, '2560', '146', '0', '44', '0', '10', '0', '3', '0'),
(84, 8, '2560', '127', '1', '6', '0', '148', '25', '6', '0'),
(85, 9, '2560', '46', '0', '8', '0', '3', '0', '0', '0'),
(86, 10, '2560', '140', '0', '29', '0', '86', '0', '19', '0'),
(87, 11, '2560', '137', '0', '22', '0', '5', '0', '1', '0'),
(88, 12, '2560', '101', '0', '42', '0', '6', '0', '2', '0'),
(89, 13, '2560', '177', '1', '13', '0', '493', '51', '35', '0'),
(90, 14, '2560', '128', '1', '31', '0', '47', '8', '9', '0');

-- --------------------------------------------------------

--
-- Table structure for table `core_ftesd`
--

CREATE TABLE `core_ftesd` (
  `id` int(10) NOT NULL,
  `FK_CORE_DEPARTMENT` int(10) DEFAULT NULL,
  `year` varchar(4) DEFAULT NULL COMMENT 'ปีงบประมาณ ให้แสดงผลเป็น พ.ศ.',
  `lecxi` decimal(10,0) DEFAULT NULL,
  `lecxo` decimal(10,0) DEFAULT NULL,
  `labxi` decimal(10,0) DEFAULT NULL,
  `labxo` decimal(10,0) DEFAULT NULL,
  `lecfi` decimal(10,0) DEFAULT NULL,
  `lecfo` decimal(10,0) DEFAULT NULL,
  `labfi` decimal(10,0) DEFAULT NULL,
  `labfo` decimal(10,0) DEFAULT NULL
) ENGINE=InnoDB DEFAULT CHARSET=utf8mb4;

-- --------------------------------------------------------

--
-- Table structure for table `core_ftesm`
--

CREATE TABLE `core_ftesm` (
  `id` int(10) NOT NULL,
  `FK_CORE_DEPARTMENT` int(10) DEFAULT NULL,
  `year` varchar(4) DEFAULT NULL COMMENT 'ปีงบประมาณ ให้แสดงผลเป็น พ.ศ.',
  `lecxi` decimal(10,0) DEFAULT NULL,
  `lecxo` decimal(10,0) DEFAULT NULL,
  `labxi` decimal(10,0) DEFAULT NULL,
  `labxo` decimal(10,0) DEFAULT NULL,
  `lecfi` decimal(10,0) DEFAULT NULL,
  `lecfo` decimal(10,0) DEFAULT NULL,
  `labfi` decimal(10,0) DEFAULT NULL,
  `labfo` decimal(10,0) DEFAULT NULL
) ENGINE=InnoDB DEFAULT CHARSET=utf8mb4;

-- --------------------------------------------------------

--
-- Table structure for table `core_mission`
--

CREATE TABLE `core_mission` (
  `id` int(10) NOT NULL,
  `year` varchar(4) DEFAULT NULL COMMENT 'ปีงบประมาณ (ตอนแสดงผลปีให้แสดงเป็น พ.ศ.)',
  `name` varchar(1024) DEFAULT NULL COMMENT 'ชื่อพันธกิจ',
  `status` int(1) DEFAULT NULL COMMENT 'สถานะข้อมูล 0 = ปิดใช้งาน 1 = เปิดใช้งาน'
) ENGINE=InnoDB DEFAULT CHARSET=utf8mb4;

--
-- Dumping data for table `core_mission`
--

INSERT INTO `core_mission` (`id`, `year`, `name`, `status`) VALUES
(1, '2564', 'การผลิตบัณฑิต', 1),
(2, '2564', 'การพัฒนางานด้านการทำนุบำรุงศิลปวัฒนธรรม', 1),
(3, '2564', 'การพัฒนางานบริการวิชาการ', 1),
(4, '2564', 'การพัฒนางานวิจัย', 1),
(5, '2564', 'การพัฒนาบุคลากร', 1);

-- --------------------------------------------------------

--
-- Table structure for table `core_program`
--

CREATE TABLE `core_program` (
  `id` int(10) NOT NULL,
  `core_dept` int(10) DEFAULT NULL,
  `year` varchar(4) DEFAULT NULL COMMENT 'ตอนแสดงให้แสดงเป็น พ.ศ.',
  `code` varchar(10) DEFAULT NULL COMMENT 'รหัสหลักสุตร',
  `name` varchar(50) DEFAULT NULL COMMENT 'ชื่อหลักสุตร',
  `status` int(1) DEFAULT NULL COMMENT 'สถานะข้อมูล'
) ENGINE=InnoDB DEFAULT CHARSET=utf8mb4;

--
-- Dumping data for table `core_program`
--

INSERT INTO `core_program` (`id`, `core_dept`, `year`, `code`, `name`, `status`) VALUES
(1, 1, '2564', '23010', 'คณิตศาสตร์', 0),
(2, 1, '2564', '23011', 'วิทยาการคอมพิวเตอร์', 0),
(3, 1, '2564', '23012', 'วิทยาการคณนา', 0),
(4, 1, '2564', '23013', 'วิทยาการคอมพิวเตอร์และสารสนเทศ', 0),
(5, 1, '2564', '23014', 'วิทยาการคอมพิวเตอร์และเทคโนโลยีสารสนเทศ', 0),
(6, 1, '2564', '23015', 'คณิตศาสตร์ประยุกต์และวิทยาการคณนา', 0),
(7, 2, '2564', '23020', 'เคมี', 0),
(8, 2, '2564', '23021', 'เคมีประยุกต์', 0),
(9, 3, '2564', '23030', 'ชีววิทยา', 0),
(10, 3, '2564', '23031', 'สัตววิทยา', 0),
(11, 4, '2564', '23040', 'ฟิสิกส์', 0),
(12, 5, '2564', '23050', 'พฤกษศาสตร์', 0),
(13, 5, '2564', '23051', 'พันธุศาสตร์', 0),
(14, 6, '2564', '23060', 'เคมีเทคนิค', 0),
(15, 6, '2564', '23061', 'เคมีวิศวกรรม', 0),
(16, 6, '2564', '23062', 'เทคโนโลยีเชื้อเพลิง', 0),
(17, 7, '2564', '23070', 'ธรณีวิทยา', 0),
(18, 7, '2564', '23071', 'โลกศาสตร์', 0),
(19, 7, '2564', '23072', 'ธรณีศาสตร์ปิโตรเลียม(แยกหลักสูตร)', 0),
(20, 8, '2564', '23080', 'วิทยาศาสตร์ทั่วไป', 0),
(21, 8, '2564', '23081', 'วิทยาศาสตร์สิ่งแวดล้อม', 0),
(22, 9, '2564', '23090', 'วิทยาศาสตร์ทางทะเล', 0),
(23, 10, '2564', '23100', 'ชีวเคมี', 0),
(24, 10, '2564', '23101', 'ชีวเคมีและชีววิทยาโมเลกุล', 0),
(25, 11, '2564', '23110', 'วัสดุศาสตร์', 0),
(26, 11, '2564', '23111', 'เทคโนโลยีเซรามิก', 0),
(27, 11, '2564', '23112', 'วิทยาศาสตร์พอลิเมอร์ประยุกต์และเทคโนโลยีสิ่งทอ', 0),
(28, 12, '2564', '23120', 'จุลชีววิทยา', 0),
(29, 12, '2564', '23121', 'จุลชีววิทยาทางอุตสาหกรรม', 0),
(30, 12, '2564', '23122', 'จุลชีววิทยาและเทคโนโลยีจุลินทรีย์', 0),
(31, 13, '2564', '23130', 'วิทยาศาสตร์ทางภาพถ่ายและเทคโนโลยีทางการพิมพ์', 0),
(32, 13, '2564', '23131', 'เทคโนโลยีทางภาพ', 0),
(33, 13, '2564', '23132', 'เทคโนโลยีทางภาพและการพิมพ์', 0),
(34, 18, '2564', '23133', 'เทคโนโลยีเยื่อและกระดาษ', 0),
(35, 13, '2564', '23134', 'เทคโนโลยีทางการพิมพ์', 0),
(36, 14, '2564', '23140', 'เทคโนโลยีทางอาหาร', 0),
(37, 14, '2564', '23141', 'วิทยาศาสตร์และเทคโนโลยีทางอาหาร', 0),
(38, 15, '2564', '23410', 'เทคโนโลยีชีวภาพ', 0),
(39, 16, '2564', '23420', 'ปิโตรเคมีและวิทยาศาสตร์พอลิเมอร์/ปิโตรเคมี', 0),
(40, 17, '2564', '23450', 'วิทยาศาสตร์มหโมเลกุล', 0),
(41, 19, '2564', '23510', 'ธรณีศาสตร์ปิโตรเลียม', 0);

-- --------------------------------------------------------

--
-- Table structure for table `core_student_amount`
--

CREATE TABLE `core_student_amount` (
  `id` int(11) NOT NULL,
  `FK_CORE_DEPARTMENT` int(11) DEFAULT NULL,
  `FK_CORE_PROGRAM` int(11) DEFAULT NULL,
  `year` varchar(4) DEFAULT NULL COMMENT 'ปีการศึกษา ให้แสดงผลเป็น พ.ศ.',
  `under_1m` int(11) DEFAULT NULL COMMENT 'จำนวนนิสิต ป.ตรี ปี 1 ชาย',
  `under_1f` int(11) DEFAULT NULL COMMENT 'จำนวนนิสิต ป.ตรี ปี 1 หญิง',
  `under_2m` int(11) DEFAULT NULL COMMENT 'จำนวนนิสิต ป.ตรี ปี 2 ชาย',
  `under_2f` int(11) DEFAULT NULL COMMENT 'จำนวนนิสิต ป.ตรี ปี 2 หญิง',
  `under_3m` int(11) DEFAULT NULL COMMENT 'จำนวนนิสิต ป.ตรี ปี 3 ชาย',
  `under_3f` int(11) DEFAULT NULL COMMENT 'จำนวนนิสิต ป.ตรี ปี 3 หญิง',
  `under_4m` int(11) DEFAULT NULL COMMENT 'จำนวนนิสิต ป.ตรี ปี 4 ชาย',
  `under_4f` int(11) DEFAULT NULL COMMENT 'จำนวนนิสิต ป.ตรี ปี 4 หญิง',
  `under_g4m` int(11) DEFAULT NULL COMMENT 'จำนวนนิสิต ป.ตรี มากกว่า ปี 4 ชาย',
  `under_g4f` int(11) DEFAULT NULL COMMENT 'จำนวนนิสิต ป.ตรี มากกว่า ปี 4 หญิง',
  `master_1m` int(11) DEFAULT NULL COMMENT 'จำนวนนิสิต ป.โท ปี 1 ชาย',
  `master_1f` int(11) DEFAULT NULL COMMENT 'จำนวนนิสิต ป.โท ปี 1 หญิง',
  `master_2m` int(11) DEFAULT NULL COMMENT 'จำนวนนิสิต ป.โท ปี 2 ชาย',
  `master_2f` int(11) DEFAULT NULL COMMENT 'จำนวนนิสิต ป.โท ปี 2 หญิง',
  `master_g2m` int(11) DEFAULT NULL COMMENT 'จำนวนนิสิต ป.โท มากกว่า ปี 2 ชาย',
  `master_g2f` int(11) DEFAULT NULL COMMENT 'จำนวนนิสิต ป.โท มากกว่า ปี 2 หญิง',
  `doctor_1m` int(11) DEFAULT NULL COMMENT 'จำนวนนิสิต ป.เอก ปี 1 ชาย',
  `doctor_1f` int(11) DEFAULT NULL COMMENT 'จำนวนนิสิต ป.เอก ปี 1 หญิง',
  `doctor_2m` int(11) DEFAULT NULL COMMENT 'จำนวนนิสิต ป.เอก ปี 2 ชาย',
  `doctor_2f` int(11) DEFAULT NULL COMMENT 'จำนวนนิสิต ป.เอก ปี 2 หญิง',
  `doctor_3m` int(11) DEFAULT NULL COMMENT 'จำนวนนิสิต ป.เอก ปี 3 ชาย',
  `doctor_3f` int(11) DEFAULT NULL COMMENT 'จำนวนนิสิต ป.เอก ปี 3 หญิง',
  `doctor_g3m` int(11) DEFAULT NULL COMMENT 'จำนวนนิสิต ป.เอก มากกว่า ปี 3 ชาย',
  `doctor_g3f` int(11) DEFAULT NULL COMMENT 'จำนวนนิสิต ป.เอก มากกว่า ปี 3 หญิง'
) ENGINE=InnoDB DEFAULT CHARSET=utf8mb4;

--
-- Dumping data for table `core_student_amount`
--

INSERT INTO `core_student_amount` (`id`, `FK_CORE_DEPARTMENT`, `FK_CORE_PROGRAM`, `year`, `under_1m`, `under_1f`, `under_2m`, `under_2f`, `under_3m`, `under_3f`, `under_4m`, `under_4f`, `under_g4m`, `under_g4f`, `master_1m`, `master_1f`, `master_2m`, `master_2f`, `master_g2m`, `master_g2f`, `doctor_1m`, `doctor_1f`, `doctor_2m`, `doctor_2f`, `doctor_3m`, `doctor_3f`, `doctor_g3m`, `doctor_g3f`) VALUES
(1, 1, 1, '2557', 32, 18, 20, 21, 18, 16, 14, 14, 4, 1, 13, 7, 9, 3, 8, 3, 1, 0, 1, 3, 3, 3, 18, 2),
(2, 1, 2, '2557', 40, 24, 42, 23, 31, 19, 25, 26, 2, 2, 0, 0, 0, 0, 0, 0, 0, 0, 0, 0, 0, 0, 1, 0),
(3, 1, 3, '2557', 0, 0, 0, 0, 0, 0, 0, 0, 0, 0, 0, 0, 0, 0, 0, 0, 0, 0, 0, 0, 0, 0, 0, 0),
(4, 1, 4, '2557', 0, 0, 0, 0, 0, 0, 0, 0, 0, 0, 6, 3, 9, 1, 7, 2, 0, 0, 0, 0, 0, 0, 0, 0),
(5, 1, 5, '2557', 0, 0, 0, 0, 0, 0, 0, 0, 0, 0, 0, 0, 0, 0, 0, 0, 1, 1, 1, 3, 5, 1, 7, 8),
(6, 1, 6, '2557', 0, 0, 0, 0, 0, 0, 0, 0, 0, 0, 8, 9, 5, 2, 3, 2, 0, 1, 3, 1, 2, 1, 4, 2),
(7, 2, 7, '2557', 44, 86, 29, 45, 32, 46, 25, 47, 5, 4, 21, 38, 16, 27, 20, 21, 5, 7, 4, 10, 4, 9, 19, 13),
(8, 2, 8, '2557', 14, 25, 28, 40, 10, 20, 21, 11, 2, 1, 0, 0, 0, 0, 0, 0, 0, 0, 0, 0, 0, 0, 0, 0),
(9, 3, 9, '2557', 17, 17, 17, 24, 15, 11, 7, 18, 2, 2, 0, 0, 0, 0, 0, 0, 0, 0, 0, 0, 0, 0, 0, 0),
(10, 3, 10, '2557', 0, 1, 1, 2, 6, 0, 1, 0, 0, 0, 4, 2, 3, 7, 9, 7, 0, 1, 4, 2, 3, 2, 2, 2),
(11, 4, 11, '2557', 34, 10, 31, 5, 18, 5, 19, 5, 8, 4, 12, 7, 5, 0, 7, 3, 1, 1, 3, 1, 0, 1, 8, 2),
(12, 5, 12, '2557', 3, 3, 3, 5, 3, 2, 2, 2, 1, 0, 2, 2, 1, 10, 4, 3, 0, 0, 0, 2, 1, 4, 1, 5),
(13, 5, 13, '2557', 3, 4, 4, 7, 9, 15, 5, 23, 0, 5, 0, 2, 0, 2, 0, 4, 0, 0, 0, 0, 0, 0, 0, 0),
(14, 6, 14, '2557', 0, 0, 0, 0, 0, 0, 0, 0, 0, 0, 19, 9, 7, 6, 11, 12, 5, 0, 4, 0, 2, 1, 1, 9),
(15, 6, 15, '2557', 34, 55, 24, 41, 29, 30, 28, 26, 2, 1, 0, 0, 0, 0, 0, 0, 0, 0, 0, 0, 0, 0, 0, 0),
(16, 6, 16, '2557', 0, 0, 0, 0, 0, 0, 0, 0, 0, 0, 7, 4, 0, 4, 3, 5, 0, 0, 0, 0, 0, 0, 0, 0),
(17, 7, 17, '2557', 36, 26, 24, 20, 20, 24, 21, 10, 2, 3, 5, 5, 4, 2, 1, 8, 0, 0, 1, 2, 0, 0, 3, 1),
(18, 7, 18, '2557', 0, 0, 0, 0, 0, 0, 0, 0, 0, 0, 2, 2, 3, 1, 8, 6, 0, 0, 0, 0, 0, 0, 0, 0),
(19, 7, 19, '2557', 0, 0, 0, 0, 0, 0, 0, 0, 0, 0, 0, 0, 0, 0, 0, 0, 0, 0, 0, 0, 0, 0, 0, 0),
(20, 8, 20, '2557', 0, 0, 4, 25, 0, 0, 0, 0, 0, 0, 0, 0, 0, 0, 0, 0, 0, 0, 0, 0, 0, 0, 0, 0),
(21, 8, 21, '2557', 11, 39, 1, 4, 5, 27, 10, 24, 1, 1, 0, 0, 0, 0, 0, 0, 0, 0, 0, 0, 0, 0, 0, 0),
(22, 9, 22, '2557', 7, 17, 5, 15, 8, 11, 7, 12, 1, 4, 3, 5, 3, 5, 9, 16, 2, 0, 1, 1, 0, 0, 4, 4),
(23, 10, 23, '2557', 9, 12, 3, 7, 11, 21, 6, 15, 1, 1, 0, 0, 0, 0, 0, 0, 0, 0, 0, 0, 0, 0, 1, 3),
(24, 10, 24, '2557', 0, 0, 0, 0, 0, 0, 0, 0, 0, 0, 2, 4, 6, 8, 7, 12, 5, 1, 1, 0, 1, 0, 1, 7),
(25, 11, 25, '2557', 21, 32, 15, 36, 13, 47, 19, 37, 2, 3, 0, 0, 0, 0, 0, 0, 1, 2, 6, 5, 1, 1, 8, 12),
(26, 11, 26, '2557', 0, 0, 0, 0, 0, 0, 0, 0, 0, 0, 2, 5, 3, 2, 6, 8, 0, 0, 0, 0, 0, 0, 0, 0),
(27, 11, 27, '2557', 0, 0, 0, 0, 0, 0, 0, 0, 0, 0, 8, 4, 3, 6, 3, 8, 0, 0, 0, 0, 0, 0, 0, 0),
(28, 12, 28, '2557', 5, 12, 12, 22, 9, 33, 6, 24, 0, 0, 0, 0, 0, 0, 0, 0, 0, 0, 0, 0, 1, 1, 1, 5),
(29, 12, 29, '2557', 0, 0, 0, 0, 0, 0, 0, 0, 0, 0, 0, 0, 0, 0, 8, 13, 0, 0, 0, 0, 0, 0, 0, 0),
(30, 12, 30, '2557', 0, 0, 0, 0, 0, 0, 0, 0, 0, 0, 4, 8, 1, 24, 0, 0, 0, 3, 0, 1, 0, 0, 0, 0),
(31, 13, 31, '2557', 0, 0, 0, 0, 0, 0, 0, 0, 0, 0, 0, 0, 0, 0, 0, 0, 0, 0, 0, 0, 0, 0, 0, 0),
(32, 13, 32, '2557', 0, 0, 0, 0, 0, 0, 0, 0, 0, 0, 1, 2, 2, 1, 2, 1, 2, 2, 0, 0, 1, 0, 2, 0),
(33, 13, 33, '2557', 7, 34, 7, 20, 7, 23, 10, 19, 3, 3, 0, 0, 0, 0, 0, 0, 0, 0, 0, 0, 0, 0, 0, 0),
(34, 18, 34, '2557', 0, 0, 0, 0, 0, 0, 0, 0, 0, 0, 0, 4, 0, 0, 2, 1, 0, 0, 0, 0, 0, 0, 0, 0),
(35, 13, 35, '2557', 0, 0, 0, 0, 0, 0, 0, 0, 0, 0, 0, 0, 0, 0, 0, 0, 0, 0, 0, 0, 0, 0, 0, 0),
(36, 14, 36, '2557', 27, 59, 19, 33, 13, 36, 11, 41, 2, 4, 1, 10, 7, 1, 2, 19, 0, 3, 0, 3, 0, 2, 4, 4),
(37, 14, 37, '2557', 0, 0, 0, 1, 0, 0, 0, 0, 0, 0, 0, 0, 0, 0, 1, 1, 0, 0, 0, 0, 0, 0, 0, 0),
(38, 15, 38, '2557', 0, 0, 0, 0, 0, 0, 0, 0, 0, 0, 5, 17, 10, 20, 15, 50, 0, 4, 4, 14, 2, 11, 11, 28),
(39, 16, 39, '2557', 0, 0, 0, 0, 0, 0, 0, 0, 0, 0, 11, 29, 14, 26, 26, 70, 2, 1, 4, 4, 1, 4, 3, 16),
(40, 17, 40, '2557', 0, 0, 0, 0, 0, 0, 0, 0, 0, 0, 0, 0, 0, 0, 0, 0, 0, 0, 0, 0, 0, 0, 0, 3),
(41, 19, 41, '2557', 0, 0, 0, 0, 0, 0, 0, 0, 0, 0, 11, 11, 10, 13, 1, 0, 0, 0, 0, 0, 0, 0, 0, 0),
(42, 1, 1, '2558', 25, 29, 27, 12, 19, 20, 18, 16, 4, 1, 13, 8, 12, 8, 6, 3, 3, 1, 2, 0, 1, 3, 12, 3),
(43, 1, 2, '2558', 37, 32, 34, 23, 42, 23, 30, 19, 0, 2, 0, 0, 0, 0, 0, 0, 0, 0, 0, 0, 0, 0, 3, 4),
(44, 1, 3, '2558', 0, 0, 0, 0, 0, 0, 0, 0, 0, 0, 0, 0, 0, 0, 0, 0, 0, 0, 0, 0, 0, 0, 0, 0),
(45, 1, 4, '2558', 0, 0, 0, 0, 0, 0, 0, 0, 0, 0, 0, 0, 0, 0, 0, 0, 0, 0, 0, 0, 0, 0, 0, 0),
(46, 1, 5, '2558', 0, 0, 0, 0, 0, 0, 0, 0, 0, 0, 3, 1, 5, 3, 5, 0, 4, 1, 0, 2, 1, 3, 12, 6),
(47, 1, 6, '2558', 0, 0, 0, 0, 0, 0, 0, 0, 0, 0, 5, 6, 5, 10, 4, 3, 1, 1, 1, 1, 3, 1, 6, 2),
(48, 2, 7, '2558', 33, 74, 34, 58, 26, 45, 32, 45, 5, 3, 16, 23, 20, 38, 15, 30, 5, 5, 5, 8, 7, 8, 18, 20),
(49, 2, 8, '2558', 15, 21, 13, 21, 29, 39, 10, 19, 3, 0, 0, 0, 0, 0, 0, 0, 0, 0, 0, 0, 0, 0, 0, 0),
(50, 3, 9, '2558', 18, 29, 14, 18, 16, 21, 15, 11, 2, 0, 0, 0, 0, 0, 0, 0, 0, 0, 0, 0, 0, 0, 0, 0),
(51, 3, 10, '2558', 12, 14, 1, 3, 1, 1, 6, 0, 0, 0, 3, 5, 4, 0, 5, 11, 0, 0, 0, 1, 4, 2, 5, 4),
(52, 4, 11, '2558', 23, 23, 24, 9, 29, 5, 18, 5, 4, 1, 6, 2, 8, 7, 7, 1, 0, 1, 1, 1, 2, 1, 4, 3),
(53, 5, 12, '2558', 7, 8, 5, 8, 3, 2, 3, 2, 0, 0, 1, 2, 4, 1, 2, 8, 1, 0, 0, 0, 0, 2, 2, 7),
(54, 5, 13, '2558', 7, 24, 2, 2, 4, 8, 8, 15, 0, 5, 0, 1, 1, 1, 0, 2, 0, 0, 0, 0, 0, 0, 0, 0),
(55, 6, 14, '2558', 0, 0, 0, 0, 0, 0, 0, 0, 0, 0, 3, 1, 19, 7, 6, 7, 2, 0, 6, 1, 4, 0, 1, 5),
(56, 6, 15, '2558', 29, 54, 26, 39, 24, 39, 29, 30, 2, 0, 0, 0, 0, 0, 0, 0, 0, 0, 0, 0, 0, 0, 0, 0),
(57, 6, 16, '2558', 0, 0, 0, 0, 0, 0, 0, 0, 0, 0, 3, 3, 6, 4, 0, 4, 0, 0, 0, 0, 0, 0, 0, 0),
(58, 7, 17, '2558', 23, 20, 34, 23, 25, 19, 20, 24, 0, 1, 2, 0, 4, 4, 3, 5, 0, 0, 0, 0, 1, 2, 4, 1),
(59, 7, 18, '2558', 0, 0, 0, 0, 0, 0, 0, 0, 0, 0, 1, 1, 1, 2, 3, 2, 0, 0, 0, 0, 0, 0, 0, 0),
(60, 7, 19, '2558', 0, 0, 0, 0, 0, 0, 0, 0, 0, 0, 0, 0, 0, 0, 0, 0, 0, 0, 0, 0, 0, 0, 0, 0),
(61, 8, 20, '2558', 0, 0, 0, 0, 0, 0, 0, 0, 0, 0, 0, 0, 0, 0, 0, 0, 0, 0, 0, 0, 0, 0, 0, 0),
(62, 8, 21, '2558', 14, 43, 6, 28, 5, 29, 5, 26, 4, 1, 0, 0, 0, 0, 0, 0, 0, 0, 0, 0, 0, 0, 0, 0),
(63, 9, 22, '2558', 7, 21, 6, 12, 5, 14, 8, 11, 2, 2, 1, 7, 4, 5, 9, 13, 2, 1, 1, 2, 1, 1, 4, 4),
(64, 10, 23, '2558', 6, 31, 10, 27, 3, 7, 11, 21, 0, 0, 0, 0, 0, 0, 0, 0, 0, 0, 0, 0, 0, 0, 0, 1),
(65, 10, 24, '2558', 0, 0, 0, 0, 0, 0, 0, 0, 0, 0, 3, 7, 3, 5, 5, 8, 1, 0, 6, 1, 4, 1, 1, 6),
(66, 11, 25, '2558', 14, 51, 9, 28, 15, 35, 13, 41, 2, 6, 0, 0, 0, 0, 0, 0, 2, 3, 4, 3, 5, 5, 7, 8),
(67, 11, 26, '2558', 0, 0, 0, 0, 0, 0, 0, 0, 0, 0, 2, 3, 3, 4, 4, 3, 0, 0, 0, 0, 0, 0, 0, 0),
(68, 11, 27, '2558', 0, 0, 0, 0, 0, 0, 0, 0, 0, 0, 4, 5, 7, 6, 3, 6, 0, 0, 0, 0, 0, 0, 0, 0),
(69, 12, 28, '2558', 13, 42, 11, 23, 12, 23, 9, 33, 0, 0, 0, 0, 0, 0, 0, 0, 0, 0, 0, 0, 0, 0, 2, 3),
(70, 12, 29, '2558', 0, 0, 0, 0, 0, 0, 0, 0, 0, 0, 0, 0, 0, 0, 4, 4, 0, 0, 0, 0, 0, 0, 0, 0),
(71, 12, 30, '2558', 0, 0, 0, 0, 0, 0, 0, 0, 0, 0, 2, 15, 4, 9, 1, 23, 1, 1, 0, 3, 0, 1, 0, 0),
(72, 13, 31, '2558', 0, 0, 0, 0, 0, 0, 0, 0, 0, 0, 4, 1, 1, 2, 2, 1, 2, 2, 3, 3, 0, 0, 2, 0),
(73, 13, 32, '2558', 0, 0, 0, 0, 0, 0, 0, 0, 0, 0, 0, 0, 0, 0, 0, 0, 0, 0, 0, 0, 0, 0, 0, 0),
(74, 13, 33, '2558', 0, 0, 0, 0, 0, 0, 0, 0, 0, 0, 0, 0, 0, 0, 0, 0, 0, 0, 0, 0, 0, 0, 0, 0),
(75, 18, 34, '2558', 0, 0, 0, 0, 0, 0, 0, 0, 0, 0, 0, 2, 0, 3, 1, 0, 0, 0, 0, 0, 0, 0, 0, 0),
(76, 13, 35, '2558', 13, 35, 4, 27, 6, 20, 7, 23, 7, 2, 0, 0, 0, 0, 0, 0, 0, 0, 0, 0, 0, 0, 0, 0),
(77, 14, 36, '2558', 19, 56, 17, 48, 18, 32, 13, 36, 1, 2, 3, 5, 1, 13, 5, 5, 0, 0, 0, 3, 0, 3, 2, 5),
(78, 14, 37, '2558', 0, 0, 0, 0, 0, 0, 0, 0, 0, 0, 0, 1, 0, 0, 0, 1, 0, 0, 0, 0, 0, 0, 0, 0),
(79, 15, 38, '2558', 0, 0, 0, 0, 0, 0, 0, 0, 0, 0, 5, 11, 4, 20, 11, 30, 5, 8, 1, 7, 4, 12, 9, 38),
(80, 16, 39, '2558', 0, 0, 0, 0, 0, 0, 0, 0, 0, 0, 6, 15, 11, 31, 19, 44, 1, 0, 1, 1, 3, 4, 3, 13),
(81, 17, 40, '2558', 0, 0, 0, 0, 0, 0, 0, 0, 0, 0, 0, 0, 0, 0, 0, 0, 0, 0, 0, 0, 0, 0, 0, 1),
(82, 19, 41, '2558', 0, 0, 0, 0, 0, 0, 0, 0, 0, 0, 15, 8, 0, 0, 1, 1, 0, 0, 0, 0, 0, 0, 0, 0),
(83, 1, 1, '2559', 34, 20, 22, 23, 27, 12, 18, 20, 6, 2, 12, 6, 10, 7, 13, 8, 1, 0, 4, 1, 2, 0, 11, 6),
(84, 1, 2, '2559', 35, 32, 32, 29, 33, 22, 41, 23, 7, 1, 0, 0, 0, 0, 0, 0, 0, 0, 0, 0, 0, 0, 3, 4),
(85, 1, 3, '2559', 0, 0, 0, 0, 0, 0, 0, 0, 0, 0, 0, 0, 0, 0, 0, 0, 0, 0, 0, 0, 0, 0, 0, 0),
(86, 1, 4, '2559', 0, 0, 0, 0, 0, 0, 0, 0, 0, 0, 0, 0, 0, 0, 0, 0, 0, 0, 0, 0, 0, 0, 0, 0),
(87, 1, 5, '2559', 0, 0, 0, 0, 0, 0, 0, 0, 0, 0, 4, 1, 3, 2, 4, 2, 0, 0, 4, 1, 0, 2, 9, 2),
(88, 1, 6, '2559', 0, 0, 0, 0, 0, 0, 0, 0, 0, 0, 5, 3, 6, 6, 4, 9, 2, 2, 1, 1, 0, 1, 7, 2),
(89, 2, 7, '2559', 36, 70, 22, 36, 30, 57, 25, 45, 5, 7, 12, 14, 14, 20, 19, 40, 8, 6, 6, 7, 7, 11, 14, 22),
(90, 2, 8, '2559', 15, 21, 15, 18, 13, 20, 29, 37, 4, 2, 0, 0, 0, 0, 0, 0, 0, 0, 0, 0, 0, 0, 0, 0),
(91, 3, 9, '2559', 17, 25, 11, 17, 13, 19, 15, 21, 3, 2, 0, 0, 0, 0, 0, 0, 0, 0, 0, 0, 0, 0, 0, 0),
(92, 3, 10, '2559', 7, 8, 6, 10, 1, 3, 1, 1, 2, 0, 8, 6, 3, 4, 7, 5, 2, 2, 0, 0, 0, 1, 7, 5),
(93, 4, 11, '2559', 27, 22, 17, 13, 22, 8, 29, 5, 4, 2, 9, 1, 5, 2, 13, 5, 2, 0, 1, 1, 1, 0, 4, 2),
(94, 5, 12, '2559', 4, 6, 5, 7, 5, 9, 3, 1, 0, 0, 5, 1, 1, 2, 4, 6, 0, 0, 1, 0, 0, 0, 2, 7),
(95, 5, 13, '2559', 12, 20, 7, 16, 2, 1, 2, 7, 2, 2, 0, 2, 0, 1, 1, 1, 0, 0, 0, 0, 0, 0, 0, 0),
(96, 6, 14, '2559', 0, 0, 0, 0, 0, 0, 0, 0, 0, 0, 4, 3, 5, 2, 11, 6, 2, 1, 2, 0, 6, 1, 5, 3),
(97, 6, 15, '2559', 31, 45, 20, 39, 25, 39, 24, 39, 2, 0, 0, 0, 0, 0, 0, 0, 0, 0, 0, 0, 0, 0, 0, 0),
(98, 6, 16, '2559', 0, 0, 0, 0, 0, 0, 0, 0, 0, 0, 1, 2, 2, 3, 6, 5, 0, 0, 0, 0, 0, 0, 0, 0),
(99, 7, 17, '2559', 14, 23, 17, 18, 32, 21, 25, 19, 1, 0, 1, 0, 2, 4, 5, 6, 1, 0, 0, 0, 0, 0, 4, 3),
(100, 7, 18, '2559', 0, 0, 0, 0, 0, 0, 0, 0, 0, 0, 3, 2, 1, 2, 4, 3, 0, 0, 0, 0, 0, 0, 0, 0),
(101, 7, 19, '2559', 0, 0, 0, 0, 0, 0, 0, 0, 0, 0, 0, 0, 0, 0, 0, 0, 0, 0, 0, 0, 0, 0, 0, 0),
(102, 8, 20, '2559', 0, 0, 0, 0, 0, 0, 0, 0, 0, 0, 0, 0, 0, 0, 0, 0, 0, 0, 0, 0, 0, 0, 0, 0),
(103, 8, 21, '2559', 7, 39, 8, 29, 5, 26, 5, 29, 2, 3, 0, 0, 0, 0, 0, 0, 0, 0, 0, 0, 0, 0, 0, 0),
(104, 9, 22, '2559', 2, 20, 4, 13, 6, 12, 5, 14, 4, 3, 5, 3, 0, 6, 7, 11, 1, 1, 3, 1, 1, 2, 1, 4),
(105, 10, 23, '2559', 13, 28, 4, 26, 13, 28, 6, 7, 0, 0, 0, 0, 0, 0, 0, 0, 0, 0, 0, 0, 0, 0, 0, 1),
(106, 10, 24, '2559', 0, 0, 0, 0, 0, 0, 0, 0, 0, 0, 3, 6, 3, 5, 7, 9, 0, 4, 0, 2, 7, 1, 5, 5),
(107, 11, 25, '2559', 16, 49, 12, 37, 10, 28, 15, 35, 3, 9, 0, 0, 0, 0, 0, 0, 0, 2, 3, 3, 4, 3, 10, 10),
(108, 11, 26, '2559', 0, 0, 0, 0, 0, 0, 0, 0, 0, 0, 0, 7, 3, 5, 4, 4, 0, 0, 0, 0, 0, 0, 0, 0),
(109, 11, 27, '2559', 0, 0, 0, 0, 0, 0, 0, 0, 0, 0, 3, 4, 4, 4, 3, 6, 0, 0, 0, 0, 0, 0, 0, 0),
(110, 12, 28, '2559', 13, 43, 12, 29, 14, 24, 11, 25, 1, 4, 0, 0, 0, 0, 0, 0, 0, 0, 0, 0, 0, 0, 2, 3),
(111, 12, 29, '2559', 0, 0, 0, 0, 0, 0, 0, 0, 0, 0, 0, 0, 0, 0, 0, 1, 0, 0, 0, 0, 0, 0, 0, 0),
(112, 12, 30, '2559', 0, 0, 0, 0, 0, 0, 0, 0, 0, 0, 4, 8, 2, 14, 4, 21, 1, 1, 1, 2, 0, 3, 0, 1),
(113, 13, 31, '2559', 0, 0, 0, 0, 0, 0, 0, 0, 0, 0, 0, 0, 0, 0, 0, 0, 0, 0, 0, 0, 0, 0, 0, 0),
(114, 13, 32, '2559', 0, 0, 0, 0, 0, 0, 0, 0, 0, 0, 0, 0, 3, 1, 3, 1, 0, 0, 4, 2, 1, 2, 2, 0),
(115, 13, 33, '2559', 10, 32, 9, 30, 4, 26, 6, 20, 5, 3, 0, 0, 0, 0, 0, 0, 0, 0, 0, 0, 0, 0, 0, 0),
(116, 18, 34, '2559', 0, 0, 0, 0, 0, 0, 0, 0, 0, 0, 0, 0, 0, 2, 0, 3, 0, 0, 0, 0, 0, 0, 0, 0),
(117, 13, 35, '2559', 0, 0, 0, 0, 0, 0, 0, 0, 0, 0, 0, 0, 0, 0, 0, 0, 0, 0, 0, 0, 0, 0, 0, 0),
(118, 14, 36, '2559', 16, 60, 13, 31, 17, 47, 18, 32, 1, 4, 1, 9, 5, 8, 6, 17, 0, 2, 0, 1, 0, 2, 2, 8),
(119, 14, 37, '2559', 0, 0, 0, 0, 0, 0, 0, 0, 0, 0, 0, 1, 1, 1, 0, 0, 0, 0, 0, 0, 0, 0, 0, 0),
(120, 15, 38, '2559', 0, 0, 0, 0, 0, 0, 0, 0, 0, 0, 4, 10, 7, 13, 11, 39, 1, 8, 6, 12, 1, 7, 8, 33),
(121, 16, 39, '2559', 0, 0, 0, 0, 0, 0, 0, 0, 0, 0, 9, 17, 5, 17, 12, 36, 0, 1, 1, 0, 1, 1, 5, 10),
(122, 17, 40, '2559', 0, 0, 0, 0, 0, 0, 0, 0, 0, 0, 0, 0, 0, 0, 0, 0, 0, 0, 0, 0, 0, 0, 0, 0),
(123, 19, 41, '2559', 0, 0, 0, 0, 0, 0, 0, 0, 0, 0, 4, 5, 13, 8, 0, 1, 0, 0, 0, 0, 0, 0, 0, 0),
(124, 1, 1, '2560', 19, 25, 28, 17, 22, 23, 26, 11, 8, 1, 11, 2, 9, 4, 10, 6, 5, 5, 5, 2, 2, 1, 8, 3),
(125, 1, 2, '2560', 39, 29, 31, 26, 31, 27, 33, 22, 10, 3, 0, 0, 0, 0, 0, 0, 0, 0, 0, 0, 0, 0, 1, 0),
(126, 1, 3, '2560', 0, 0, 0, 0, 0, 0, 0, 0, 0, 0, 0, 0, 0, 0, 0, 0, 0, 0, 0, 0, 0, 0, 0, 0),
(127, 1, 4, '2560', 0, 0, 0, 0, 0, 0, 0, 0, 0, 0, 0, 0, 0, 0, 0, 0, 0, 0, 0, 0, 0, 0, 0, 0),
(128, 1, 5, '2560', 0, 0, 0, 0, 0, 0, 0, 0, 0, 0, 3, 0, 7, 2, 4, 2, 0, 1, 1, 0, 3, 1, 12, 6),
(129, 1, 6, '2560', 0, 0, 0, 0, 0, 0, 0, 0, 0, 0, 7, 10, 5, 2, 3, 5, 3, 1, 1, 2, 1, 1, 5, 2),
(130, 2, 7, '2560', 36, 72, 25, 48, 20, 35, 30, 57, 4, 4, 18, 29, 9, 11, 18, 28, 13, 11, 8, 9, 5, 6, 20, 30),
(131, 2, 8, '2560', 22, 27, 14, 19, 15, 18, 13, 20, 3, 3, 0, 0, 0, 0, 0, 0, 0, 0, 0, 0, 0, 0, 0, 0),
(132, 3, 9, '2560', 13, 34, 13, 16, 11, 16, 13, 19, 1, 2, 0, 0, 0, 0, 0, 0, 0, 0, 0, 0, 0, 0, 0, 0),
(133, 3, 10, '2560', 6, 9, 2, 7, 4, 10, 1, 3, 1, 0, 4, 6, 7, 5, 6, 4, 1, 1, 3, 2, 0, 0, 5, 4),
(134, 4, 11, '2560', 27, 21, 21, 8, 14, 12, 22, 8, 6, 1, 15, 0, 6, 1, 10, 6, 6, 2, 3, 1, 1, 1, 5, 3),
(135, 5, 12, '2560', 4, 17, 3, 3, 5, 6, 5, 9, 0, 1, 2, 5, 4, 1, 2, 3, 1, 0, 0, 0, 0, 0, 2, 5),
(136, 5, 13, '2560', 7, 21, 5, 10, 6, 15, 2, 1, 0, 2, 1, 3, 0, 2, 1, 2, 0, 0, 0, 0, 0, 0, 0, 0),
(137, 6, 14, '2560', 0, 0, 0, 0, 0, 0, 0, 0, 0, 0, 13, 17, 4, 3, 7, 4, 3, 1, 3, 1, 1, 0, 7, 1),
(138, 6, 15, '2560', 27, 50, 29, 35, 19, 39, 24, 38, 2, 2, 0, 0, 0, 0, 0, 0, 0, 0, 0, 0, 0, 0, 0, 0),
(139, 6, 16, '2560', 0, 0, 0, 0, 0, 0, 0, 0, 0, 0, 0, 1, 1, 2, 4, 4, 0, 0, 0, 0, 0, 0, 0, 0),
(140, 7, 17, '2560', 14, 23, 14, 21, 17, 18, 31, 21, 5, 1, 5, 7, 1, 2, 3, 4, 3, 0, 1, 1, 0, 0, 2, 2),
(141, 7, 18, '2560', 0, 0, 0, 0, 0, 0, 0, 0, 0, 0, 2, 4, 3, 1, 2, 2, 0, 0, 0, 0, 0, 0, 0, 0),
(142, 7, 19, '2560', 0, 0, 0, 0, 0, 0, 0, 0, 0, 0, 0, 0, 0, 0, 0, 0, 0, 0, 0, 0, 0, 0, 0, 0),
(143, 8, 20, '2560', 0, 0, 0, 0, 0, 0, 0, 0, 0, 0, 0, 0, 0, 0, 0, 0, 0, 0, 0, 0, 0, 0, 0, 0),
(144, 8, 21, '2560', 7, 39, 5, 26, 8, 28, 5, 26, 1, 0, 0, 0, 0, 0, 0, 0, 0, 0, 0, 0, 0, 0, 0, 0),
(145, 9, 22, '2560', 11, 25, 2, 14, 4, 13, 6, 12, 2, 2, 2, 1, 4, 3, 3, 11, 1, 0, 3, 3, 3, 1, 1, 6),
(146, 10, 23, '2560', 12, 31, 10, 19, 4, 25, 13, 28, 1, 0, 0, 0, 0, 0, 0, 0, 0, 0, 0, 0, 0, 0, 0, 1),
(147, 10, 24, '2560', 0, 0, 0, 0, 0, 0, 0, 0, 0, 0, 2, 5, 4, 3, 3, 7, 1, 1, 0, 5, 0, 1, 12, 3),
(148, 11, 25, '2560', 27, 52, 10, 37, 12, 37, 10, 27, 1, 3, 0, 0, 0, 0, 0, 0, 3, 2, 1, 4, 3, 3, 11, 9),
(149, 11, 26, '2560', 0, 0, 0, 0, 0, 0, 0, 0, 0, 0, 4, 5, 1, 6, 4, 5, 0, 0, 0, 0, 0, 0, 0, 0),
(150, 11, 27, '2560', 0, 0, 0, 0, 0, 0, 0, 0, 0, 0, 4, 6, 3, 6, 2, 3, 0, 0, 0, 0, 0, 0, 0, 0),
(151, 12, 28, '2560', 19, 39, 11, 28, 12, 29, 14, 24, 0, 0, 0, 0, 0, 0, 0, 0, 0, 0, 0, 0, 0, 0, 2, 2),
(152, 12, 29, '2560', 0, 0, 0, 0, 0, 0, 0, 0, 0, 0, 0, 0, 0, 0, 0, 0, 0, 0, 0, 0, 0, 0, 0, 0),
(153, 12, 30, '2560', 0, 0, 0, 0, 0, 0, 0, 0, 0, 0, 2, 9, 3, 9, 3, 12, 0, 1, 1, 1, 1, 2, 0, 4),
(154, 13, 31, '2560', 0, 0, 0, 0, 0, 0, 0, 0, 0, 0, 0, 0, 0, 0, 0, 0, 0, 0, 0, 0, 0, 0, 0, 0),
(155, 13, 32, '2560', 0, 0, 0, 0, 0, 0, 0, 0, 0, 0, 1, 0, 1, 1, 4, 1, 0, 0, 0, 0, 4, 1, 3, 2),
(156, 13, 33, '2560', 9, 31, 7, 23, 8, 30, 4, 26, 1, 6, 0, 0, 0, 0, 0, 0, 0, 0, 0, 0, 0, 0, 0, 0),
(157, 18, 34, '2560', 0, 0, 0, 0, 0, 0, 0, 0, 0, 0, 1, 0, 0, 0, 0, 2, 0, 0, 0, 0, 0, 0, 0, 0),
(158, 13, 35, '2560', 0, 0, 0, 0, 0, 0, 0, 0, 0, 0, 0, 0, 0, 0, 0, 0, 0, 0, 0, 0, 0, 0, 0, 0),
(159, 14, 36, '2560', 20, 65, 12, 42, 13, 30, 16, 47, 2, 4, 5, 12, 3, 6, 5, 12, 1, 0, 0, 1, 0, 1, 1, 7),
(160, 14, 37, '2560', 0, 0, 0, 0, 0, 0, 0, 0, 0, 0, 0, 2, 0, 3, 1, 1, 0, 0, 0, 0, 0, 0, 0, 0),
(161, 15, 38, '2560', 0, 0, 0, 0, 0, 0, 0, 0, 0, 0, 4, 9, 4, 13, 6, 22, 5, 9, 3, 10, 5, 12, 7, 34),
(162, 16, 39, '2560', 0, 0, 0, 0, 0, 0, 0, 0, 0, 0, 18, 29, 9, 19, 7, 21, 0, 4, 0, 5, 1, 0, 4, 8),
(163, 17, 40, '2560', 0, 0, 0, 0, 0, 0, 0, 0, 0, 0, 0, 0, 0, 0, 0, 0, 0, 0, 0, 0, 0, 0, 0, 0),
(164, 19, 41, '2560', 0, 0, 0, 0, 0, 0, 0, 0, 0, 0, 11, 6, 0, 0, 0, 0, 0, 0, 0, 0, 0, 0, 0, 0);

-- --------------------------------------------------------

--
-- Table structure for table `core_user`
--

CREATE TABLE `core_user` (
  `id` int(10) NOT NULL,
  `username` varchar(50) COLLATE utf8mb4_unicode_ci DEFAULT NULL,
  `password` varchar(50) COLLATE utf8mb4_unicode_ci DEFAULT NULL,
  `firstname` varchar(50) COLLATE utf8mb4_unicode_ci DEFAULT NULL,
  `lastname` varchar(50) COLLATE utf8mb4_unicode_ci DEFAULT NULL,
  `type` int(1) DEFAULT NULL,
  `role` longtext CHARACTER SET utf8mb4 COLLATE utf8mb4_bin,
  `status` int(1) DEFAULT NULL,
  `time_create` timestamp NULL DEFAULT CURRENT_TIMESTAMP
) ENGINE=InnoDB DEFAULT CHARSET=utf8mb4 COLLATE=utf8mb4_unicode_ci;

--
-- Dumping data for table `core_user`
--

INSERT INTO `core_user` (`id`, `username`, `password`, `firstname`, `lastname`, `type`, `role`, `status`, `time_create`) VALUES
(1, 'pin@gmail.com', 'ae89', 'Prachanut', 'Hirunrut', 0, '{\"user_role_expense1\":null,\"user_role_expense2\":null,\"user_role_expense3\":null,\"user_role_expense4\":null,\"navigate\":[{\"id\":\"news\",\"title\":\"News\",\"translate\":\"NAV.NEWS.TITLE\",\"type\":\"item\",\"icon\":\"home\",\"url\":\"home/news\"},{\"id\":\"depart\",\"title\":\"Depart\",\"translate\":\"NAV.DEPART.TITLE\",\"type\":\"group\",\"children\":[{\"id\":\"forecastincomedep\",\"title\":\"Forecastincomedept\",\"translate\":\"NAV.FORECASTINCOMEDEPARTMENT.TITLE\",\"icon\":\"account_balance\",\"type\":\"collapsable\",\"children\":[{\"id\":\"ฺbalanceDepartment\",\"title\":\"BalanceDepartment\",\"translate\":\"NAV.BALANCE.TITLE\",\"type\":\"item\",\"url\":\"/balance\"},{\"id\":\"allocate\",\"title\":\"Allocate\",\"translate\":\"NAV.ALLOCATE.TITLE\",\"type\":\"collapsable\",\"children\":[{\"id\":\"allocateUnder\",\"title\":\"AllocateUnder\",\"translate\":\"NAV.ALLOCATEUNDER.TITLE\",\"type\":\"item\",\"url\":\"calAllocateBechelor\"},{\"id\":\"allocatedepart\",\"title\":\"Allocatedepart\",\"translate\":\"NAV.ALLOCATEDEPART.TITLE\",\"type\":\"item\",\"url\":\"allocateDepartment\"}]},{\"id\":\"allocateexpensedepart\",\"title\":\"Allocateexpensedepart\",\"translate\":\"NAV.ALLOCATEGRADUATE.TITLE\",\"type\":\"collapsable\",\"children\":[{\"id\":\"editexpensedepart\",\"title\":\"Editexpensedepart\",\"translate\":\"NAV.ALLOCATEGRADUATE.TITLE\",\"type\":\"item\",\"url\":\"calAllocate\"},{\"id\":\"allocatemanagedepart\",\"title\":\"Allocatemanagedepart\",\"translate\":\"NAV.ALLOCATEMANAGEDEPART.TITLE\",\"type\":\"item\",\"url\":\"\"}]},{\"id\":\"incomeunder\",\"title\":\"Incomeunder\",\"translate\":\"NAV.INCOMEUNDER.TITLE\",\"type\":\"collapsable\",\"children\":[{\"id\":\"incomeUnder\",\"title\":\"IncomeUnder\",\"translate\":\"NAV.INCOMEUNDER.TITLE\",\"type\":\"item\",\"url\":\"creditUnder\"},{\"id\":\"incomeUnderDESC\",\"title\":\"IncomeUnderDESC\",\"translate\":\"NAV.INCOMEUNDERDESC.TITLE\",\"type\":\"item\",\"url\":\"creditUnder/income\"}]},{\"id\":\"incomegrad\",\"title\":\"Incomegrad\",\"translate\":\"NAV.INCOMEGRAD.TITLE\",\"type\":\"collapsable\",\"children\":[{\"id\":\"incomeGrad\",\"title\":\"IncomeGrad\",\"translate\":\"NAV.INCOMEGRAD.TITLE\",\"type\":\"item\",\"url\":\"creditGraduate\"},{\"id\":\"incomeGradDESC\",\"title\":\"IncomeGradDESC\",\"translate\":\"NAV.INCOMEGRADDESC.TITLE\",\"type\":\"item\",\"url\":\"creditGraduate/income\"}]},{\"id\":\"incomether\",\"title\":\"Incomether\",\"translate\":\"NAV.INCOMEOTHER.TITLE\",\"type\":\"collapsable\",\"children\":[{\"id\":\"otherIncome\",\"title\":\"OtherIncome\",\"translate\":\"NAV.INCOMEOTHER.TITLE\",\"type\":\"item\",\"url\":\"otherIncome\"},{\"id\":\"otherIncomeDESC\",\"title\":\"OtherIncomeDESC\",\"translate\":\"NAV.OTHERINCOMEDESC.TITLE\",\"type\":\"item\",\"url\":\"otherIncome/income\"}]},{\"id\":\"sumincome\",\"title\":\"Sumincome\",\"translate\":\"NAV.SUMINCOME.TITLE\",\"type\":\"collapsable\",\"children\":[{\"id\":\"sumIncome\",\"title\":\"SumIncome\",\"translate\":\"NAV.SUMINCOME.TITLE\",\"type\":\"item\",\"url\":\"sumExpenses\"},{\"id\":\"expensesDESC\",\"title\":\"ExpensesDESC\",\"translate\":\"NAV.EXPENSEDESC.TITLE\",\"type\":\"item\",\"url\":\"sumExpenses/income\"}]},{\"id\":\"summarizeAllocate\",\"title\":\"SummarizeAllocate\",\"translate\":\"NAV.SUMMARIZE.TITLE\",\"type\":\"collapsable\",\"children\":[{\"id\":\"summarizeAllocate\",\"title\":\"SummarizeAllocate\",\"translate\":\"NAV.SUMMARIZE.TITLE\",\"type\":\"item\",\"url\":\"summarizeAllocate\"},{\"id\":\"afsummarizeAllocate\",\"title\":\"AfsummarizeAllocate\",\"translate\":\"NAV.AFSUMMARIZEALLOCATE.TITLE\",\"type\":\"item\",\"url\":\"\"}]},{\"id\":\"reportAllocate\",\"title\":\"ReportAllocate\",\"translate\":\"NAV.REPORTALLOCATE.TITLE\",\"type\":\"collapsable\",\"children\":[{\"id\":\"reportAllocategrad\",\"title\":\"ReportAllocategrad\",\"translate\":\"NAV.REPORTALLOCATEGRAD.TITLE\",\"type\":\"item\",\"url\":\"\"},{\"id\":\"reportAllocatedepart\",\"title\":\"ReportAllocatedepart\",\"translate\":\"NAV.REPORTALLOCATEDEPART.TITLE\",\"type\":\"item\",\"url\":\"\"},{\"id\":\"reportAllocatecost\",\"title\":\"ReportAllocatecost\",\"translate\":\"NAV.REPORTALLOCATECOST.TITLE\",\"type\":\"item\",\"url\":\"\"},{\"id\":\"reportAllocatekpi\",\"title\":\"ReportAllocatekpi\",\"translate\":\"NAV.REPORTALLOCATEKPI.TITLE\",\"type\":\"item\",\"url\":\"\"}]}]},{\"id\":\"expensedepart\",\"title\":\"Expensedepart\",\"translate\":\"NAV.EXPENSEDEPART.TITLE\",\"type\":\"collapsable\",\"icon\":\"account_balance\",\"children\":[{\"id\":\"dashexpensedepart\",\"title\":\"Dashexpensedepart\",\"translate\":\"NAV.DASHEXPENSED.TITLE\",\"type\":\"item\",\"url\":\"expenses_department/department/overview-project\"},{\"id\":\"editexpensedepart\",\"title\":\"Editexpensedepart\",\"translate\":\"NAV.EDITEXPENSED.TITLE\",\"type\":\"item\",\"url\":\"expenses_department/department/edit-project\"},{\"id\":\"createexpensedepart\",\"title\":\"Createexpensedepart\",\"translate\":\"NAV.CREATEEXPENSED.TITLE\",\"type\":\"item\",\"url\":\"expenses_department/department/create-project\"},{\"id\":\"reportexpensedepart\",\"title\":\"Reportexpensedepart\",\"translate\":\"NAV.REPORTEXPENSED.TITLE\",\"type\":\"collapsable\",\"children\":[{\"id\":\"reportexpensedepart1\",\"title\":\"Reportexpensedepart1\",\"translate\":\"NAV.REPORTEXPENSED1.TITLE\",\"type\":\"item\",\"url\":\"expenses_department/department/report-project/view-faculty-sumup\"},{\"id\":\"reportexpensedepart2\",\"title\":\"Reportexpensedepart2\",\"translate\":\"NAV.REPORTEXPENSED2.TITLE\",\"type\":\"item\",\"url\":\"expenses_department/department/report-project/view-department-sumup\"},{\"id\":\"reportexpensedepart3\",\"title\":\"Reportexpensedepart3\",\"translate\":\"NAV.REPORTEXPENSED3.TITLE\",\"type\":\"item\",\"url\":\"expenses_department/department/report-project/view-graduate-sumup\"},{\"id\":\"reportexpensedepart4\",\"title\":\"Reportexpensedepart4\",\"translate\":\"NAV.REPORTEXPENSED4.TITLE\",\"type\":\"item\",\"url\":\"expenses_department/department/report-project/view-district-sumup\"},{\"id\":\"reportexpensedepart5\",\"title\":\"Reportexpensedepart5\",\"translate\":\"NAV.REPORTEXPENSED5.TITLE\",\"type\":\"item\",\"url\":\"expenses_department/department/report-project/view-mission-sumup\"}]}]},{\"id\":\"productioncost\",\"title\":\"Productioncost\",\"translate\":\"NAV.PRODUCTIONCOST.TITLE\",\"type\":\"collapsable\",\"icon\":\"account_balance\",\"children\":[{\"id\":\"dreportpcost1\",\"title\":\"Dreportpcost1\",\"translate\":\"NAV.DREPORTPCOST1.TITLE\",\"type\":\"item\",\"url\":\"\"},{\"id\":\"dreportpcost2\",\"title\":\"Dreportpcost2\",\"translate\":\"NAV.DREPORTPCOST2.TITLE\",\"type\":\"item\",\"url\":\"\"},{\"id\":\"dreportpcost3\",\"title\":\"Dreportpcost3\",\"translate\":\"NAV.DREPORTPCOST3.TITLE\",\"type\":\"item\",\"url\":\"\"},{\"id\":\"dreportpcost4\",\"title\":\"Dreportpcost4\",\"translate\":\"NAV.DREPORTPCOST4.TITLE\",\"type\":\"item\",\"url\":\"\"},{\"id\":\"dreportpcost5\",\"title\":\"Dreportpcost5\",\"translate\":\"NAV.DREPORTPCOST5.TITLE\",\"type\":\"item\",\"url\":\"\"}]},{\"id\":\"newsannouncements\",\"title\":\"Newsannouncements\",\"translate\":\"NAV.NEWSANNOUNC.TITLE\",\"type\":\"item\",\"url\":\"\"},{\"id\":\"managetimer\",\"title\":\" Managetimer\",\"translate\":\"NAV.MANAGETIMER.TITLE\",\"type\":\"item\",\"url\":\"\"},{\"id\":\"msubref\",\"title\":\"Msubref\",\"translate\":\"NAV.MSUBREF.TITLE\",\"type\":\"collapsable\",\"icon\":\"settings\",\"children\":[{\"id\":\"msubref1\",\"title\":\"Msubref1\",\"translate\":\"NAV.MSUBREF1.TITLE\",\"type\":\"item\",\"url\":\"\"},{\"id\":\"msubref2\",\"title\":\"Msubref2\",\"translate\":\"NAV.MSUBREF2.TITLE\",\"type\":\"item\",\"url\":\"\"},{\"id\":\"msubref3\",\"title\":\"Msubref3\",\"translate\":\"NAV.MSUBREF3.TITLE\",\"type\":\"item\",\"url\":\"\"}]}]},{\"id\":\"dean\",\"title\":\"Deant\",\"translate\":\"NAV.DEAN.TITLE\",\"type\":\"group\",\"children\":[{\"id\":\"forecastincomedep\",\"title\":\"Forecastincomedept\",\"translate\":\"NAV.FORECASTINCOMEDEPARTMENT.TITLE\",\"icon\":\"account_balance\",\"type\":\"collapsable\",\"children\":[]},{\"id\":\"expensedean\",\"title\":\"Expensedean\",\"translate\":\"NAV.EXPENSEDEAN.TITLE\",\"type\":\"collapsable\",\"icon\":\"account_balance\",\"children\":[{\"id\":\"dashexpensedean\",\"title\":\"Dashexpensedean\",\"translate\":\"NAV.DASHEXPENSEDEAN.TITLE\",\"type\":\"item\",\"url\":\"expenses_dean/dean/overview-project\"},{\"id\":\"editexpensedean\",\"title\":\"Editexpensedean\",\"translate\":\"NAV.EDITEXPENSEDEAN.TITLE\",\"type\":\"item\",\"url\":\"expenses_dean/dean/edit-project\"},{\"id\":\"createexpensedean\",\"title\":\"Createexpensedean\",\"translate\":\"NAV.CREATEEXPENSEDEAN.TITLE\",\"type\":\"item\",\"url\":\"expenses_dean/dean/create-project\"},{\"id\":\"reportexpensedepart\",\"title\":\"Reportexpensedepart\",\"translate\":\"NAV.REPORTEXPENSED.TITLE\",\"type\":\"collapsable\",\"children\":[{\"id\":\"reportexpensedepart1\",\"title\":\"Reportexpensedepart1\",\"translate\":\"NAV.REPORTEXPENSED1.TITLE\",\"type\":\"item\",\"url\":\"expenses_dean/dean/report-project/view-faculty-sumup\"},{\"id\":\"reportexpensefaction\",\"title\":\"Reportexpensefaction\",\"translate\":\"NAV.REPORTEXPENSEFACTION.TITLE\",\"type\":\"item\",\"url\":\"expenses_dean/dean/report-project/view-faction-sumup\"},{\"id\":\"reportexpensework\",\"title\":\"Reportexpensework\",\"translate\":\"NAV.REPORTEXPENSEWORK.TITLE\",\"type\":\"item\",\"url\":\"expenses_dean/dean/report-project/view-work-sumup\"},{\"id\":\"reportexpensedepart3\",\"title\":\"Reportexpensedepart3\",\"translate\":\"NAV.REPORTEXPENSED3.TITLE\",\"type\":\"item\",\"url\":\"expenses_dean/dean/report-project/view-graduate-sumup\"},{\"id\":\"reportexpensedepart4\",\"title\":\"Reportexpensedepart4\",\"translate\":\"NAV.REPORTEXPENSED4.TITLE\",\"type\":\"item\",\"url\":\"expenses_dean/dean/report-project/view-district-sumup\"},{\"id\":\"reportexpensedepart5\",\"title\":\"Reportexpensedepart5\",\"translate\":\"NAV.REPORTEXPENSED5.TITLE\",\"type\":\"item\",\"url\":\"expenses_dean/dean/report-project/view-mission-sumup\"}]}]},{\"id\":\"newsannouncements\",\"title\":\"Newsannouncements\",\"translate\":\"NAV.NEWSANNOUNC.TITLE\",\"type\":\"item\",\"url\":\"\"},{\"id\":\"managetimer\",\"title\":\" Managetimer\",\"translate\":\"NAV.MANAGETIMER.TITLE\",\"type\":\"item\",\"url\":\"\"},{\"id\":\"msubref\",\"title\":\"Msubref\",\"translate\":\"NAV.MSUBREF.TITLE\",\"type\":\"collapsable\",\"icon\":\"settings\",\"children\":[{\"id\":\"msubref\",\"title\":\"Msubref\",\"translate\":\"NAV.MSUBREF1.TITLE\",\"type\":\"item\",\"url\":\"\"},{\"id\":\"msubref\",\"title\":\"Msubref\",\"translate\":\"NAV.MSUBREF2.TITLE\",\"type\":\"item\",\"url\":\"\"},{\"id\":\"msubref\",\"title\":\"Msubref\",\"translate\":\"NAV.MSUBREF3.TITLE\",\"type\":\"item\",\"url\":\"\"}]}]},{\"id\":\"usermanage\",\"title\":\"Usermanage\",\"translate\":\"NAV.USERMANAGE.TITLE\",\"type\":\"group\",\"children\":[{\"id\":\"usermanages\",\"title\":\"Usermanages\",\"translate\":\"NAV.USERMANAGE.TITLE\",\"type\":\"item\",\"icon\":\"people\",\"url\":\"usermanage/cu_chula\"}]},{\"id\":\" manageref\",\"title\":\"Manageref\",\"translate\":\"NAV.MANAGEREF.TITLE\",\"type\":\"group\",\"children\":[{\"id\":\"managerefdept\",\"title\":\"Managerefdept\",\"translate\":\"NAV.MANAGEREFDEPT.TITLE\",\"type\":\"item\",\"icon\":\"settings\",\"url\":\"\"},{\"id\":\"managereffactwork\",\"title\":\"Managereffactwork\",\"translate\":\"NAV.MANAGEREFFACTWORK.TITLE\",\"type\":\"item\",\"icon\":\"settings\",\"url\":\"\"},{\"id\":\"managerefstuim\",\"title\":\"Managerefstuim\",\"translate\":\"NAV.MANAGEREFSTUIM.TITLE\",\"type\":\"item\",\"icon\":\"settings\",\"url\":\"\"},{\"id\":\"managerefstuimftes\",\"title\":\"Managerefstuimftes\",\"translate\":\"NAV.MANAGEREFSTUIMFTES.TITLE\",\"type\":\"item\",\"icon\":\"settings\",\"url\":\"\"},{\"id\":\"managerefmiss\",\"title\":\"Managerefmiss\",\"translate\":\"NAV.MANAGEREFMISS.TITLE\",\"type\":\"item\",\"icon\":\"settings\",\"url\":\"\"},{\"id\":\"managerefcastcost\",\"title\":\"Managerefcastcost\",\"translate\":\"NAV.MANAGEREFCASTCOST.TITLE\",\"type\":\"item\",\"icon\":\"settings\",\"url\":\"\"}]}],\"FK_CORE_DEPARTMENT\":\"\",\"FK_CORE_FACTION\":\"\",\"FK_CORE_WORK\":\"\",\"datacorecenter1\":\"\",\"datacorecenter2\":\"\",\"datacorecenter3\":\"\",\"datacorecenter4\":\"\",\"datacorecenter5\":\"\",\"datacorecenter6\":\"\"}', 1, '2020-07-15 17:50:00'),
(2, 'nip@gmail', 'ae99', 'Pranut', 'Hirunrut', 1, '{\"key1\":\"value1\",\"key2\":\"value2\"}', 1, '2020-07-15 18:09:25'),
(3, 'nips@gmail', 'nips', 'nut', 'Hirunoon', 2, '{\"user_role_expense1\":\"ผู้ดูแลระบบย่อย\",\"user_role_expense2\":\"ผู้อนุมัติ\",\"user_role_expense3\":null,\"user_role_expense4\":null,\"navigate\":[{\"id\":\"news\",\"title\":\"News\",\"translate\":\"NAV.NEWS.TITLE\",\"type\":\"item\",\"icon\":\"home\",\"url\":\"home/news\"},{\"id\":\"depart\",\"title\":\"Depart\",\"translate\":\"NAV.DEPART.TITLE\",\"type\":\"group\",\"children\":[{\"id\":\"forecastincomedep\",\"title\":\"Forecastincomedept\",\"translate\":\"NAV.FORECASTINCOMEDEPARTMENT.TITLE\",\"icon\":\"account_balance\",\"type\":\"collapsable\",\"children\":[{\"id\":\"ฺbalanceDepartment\",\"title\":\"BalanceDepartment\",\"translate\":\"NAV.BALANCE.TITLE\",\"type\":\"item\",\"url\":\"/balance\"},{\"id\":\"allocate\",\"title\":\"Allocate\",\"translate\":\"NAV.ALLOCATE.TITLE\",\"type\":\"collapsable\",\"children\":[{\"id\":\"allocateUnder\",\"title\":\"AllocateUnder\",\"translate\":\"NAV.ALLOCATEUNDER.TITLE\",\"type\":\"item\",\"url\":\"calAllocateBechelor\"},{\"id\":\"allocatedepart\",\"title\":\"Allocatedepart\",\"translate\":\"NAV.ALLOCATEDEPART.TITLE\",\"type\":\"item\",\"url\":\"allocateDepartment\"}]},{\"id\":\"allocateexpensedepart\",\"title\":\"Allocateexpensedepart\",\"translate\":\"NAV.ALLOCATEGRADUATE.TITLE\",\"type\":\"collapsable\",\"children\":[{\"id\":\"editexpensedepart\",\"title\":\"Editexpensedepart\",\"translate\":\"NAV.ALLOCATEGRADUATE.TITLE\",\"type\":\"item\",\"url\":\"calAllocate\"},{\"id\":\"allocatemanagedepart\",\"title\":\"Allocatemanagedepart\",\"translate\":\"NAV.ALLOCATEMANAGEDEPART.TITLE\",\"type\":\"item\",\"url\":\"\"}]},{\"id\":\"incomeunder\",\"title\":\"Incomeunder\",\"translate\":\"NAV.INCOMEUNDER.TITLE\",\"type\":\"collapsable\",\"children\":[{\"id\":\"incomeUnder\",\"title\":\"IncomeUnder\",\"translate\":\"NAV.INCOMEUNDER.TITLE\",\"type\":\"item\",\"url\":\"creditUnder\"},{\"id\":\"incomeUnderDESC\",\"title\":\"IncomeUnderDESC\",\"translate\":\"NAV.INCOMEUNDERDESC.TITLE\",\"type\":\"item\",\"url\":\"creditUnder/income\"}]},{\"id\":\"incomegrad\",\"title\":\"Incomegrad\",\"translate\":\"NAV.INCOMEGRAD.TITLE\",\"type\":\"collapsable\",\"children\":[{\"id\":\"incomeGrad\",\"title\":\"IncomeGrad\",\"translate\":\"NAV.INCOMEGRAD.TITLE\",\"type\":\"item\",\"url\":\"creditGraduate\"},{\"id\":\"incomeGradDESC\",\"title\":\"IncomeGradDESC\",\"translate\":\"NAV.INCOMEGRADDESC.TITLE\",\"type\":\"item\",\"url\":\"creditGraduate/income\"}]},{\"id\":\"incomether\",\"title\":\"Incomether\",\"translate\":\"NAV.INCOMEOTHER.TITLE\",\"type\":\"collapsable\",\"children\":[{\"id\":\"otherIncome\",\"title\":\"OtherIncome\",\"translate\":\"NAV.INCOMEOTHER.TITLE\",\"type\":\"item\",\"url\":\"otherIncome\"},{\"id\":\"otherIncomeDESC\",\"title\":\"OtherIncomeDESC\",\"translate\":\"NAV.OTHERINCOMEDESC.TITLE\",\"type\":\"item\",\"url\":\"otherIncome/income\"}]},{\"id\":\"sumincome\",\"title\":\"Sumincome\",\"translate\":\"NAV.SUMINCOME.TITLE\",\"type\":\"collapsable\",\"children\":[{\"id\":\"sumIncome\",\"title\":\"SumIncome\",\"translate\":\"NAV.SUMINCOME.TITLE\",\"type\":\"item\",\"url\":\"sumExpenses\"},{\"id\":\"expensesDESC\",\"title\":\"ExpensesDESC\",\"translate\":\"NAV.EXPENSEDESC.TITLE\",\"type\":\"item\",\"url\":\"sumExpenses/income\"}]},{\"id\":\"summarizeAllocate\",\"title\":\"SummarizeAllocate\",\"translate\":\"NAV.SUMMARIZE.TITLE\",\"type\":\"collapsable\",\"children\":[{\"id\":\"summarizeAllocate\",\"title\":\"SummarizeAllocate\",\"translate\":\"NAV.SUMMARIZE.TITLE\",\"type\":\"item\",\"url\":\"summarizeAllocate\"},{\"id\":\"afsummarizeAllocate\",\"title\":\"AfsummarizeAllocate\",\"translate\":\"NAV.AFSUMMARIZEALLOCATE.TITLE\",\"type\":\"item\",\"url\":\"\"}]},{\"id\":\"reportAllocate\",\"title\":\"ReportAllocate\",\"translate\":\"NAV.REPORTALLOCATE.TITLE\",\"type\":\"collapsable\",\"children\":[{\"id\":\"reportAllocategrad\",\"title\":\"ReportAllocategrad\",\"translate\":\"NAV.REPORTALLOCATEGRAD.TITLE\",\"type\":\"item\",\"url\":\"\"},{\"id\":\"reportAllocatedepart\",\"title\":\"ReportAllocatedepart\",\"translate\":\"NAV.REPORTALLOCATEDEPART.TITLE\",\"type\":\"item\",\"url\":\"\"},{\"id\":\"reportAllocatecost\",\"title\":\"ReportAllocatecost\",\"translate\":\"NAV.REPORTALLOCATECOST.TITLE\",\"type\":\"item\",\"url\":\"\"},{\"id\":\"reportAllocatekpi\",\"title\":\"ReportAllocatekpi\",\"translate\":\"NAV.REPORTALLOCATEKPI.TITLE\",\"type\":\"item\",\"url\":\"\"}]}]},{\"id\":\"expensedepart\",\"title\":\"Expensedepart\",\"translate\":\"NAV.EXPENSEDEPART.TITLE\",\"type\":\"collapsable\",\"icon\":\"account_balance\",\"children\":[{\"id\":\"dashexpensedepart\",\"title\":\"Dashexpensedepart\",\"translate\":\"NAV.DASHEXPENSED.TITLE\",\"type\":\"item\",\"url\":\"expenses_department/department/overview-project\"},{\"id\":\"editexpensedepart\",\"title\":\"Editexpensedepart\",\"translate\":\"NAV.EDITEXPENSED.TITLE\",\"type\":\"item\",\"url\":\"expenses_department/department/edit-project\"},{\"id\":\"createexpensedepart\",\"title\":\"Createexpensedepart\",\"translate\":\"NAV.CREATEEXPENSED.TITLE\",\"type\":\"item\",\"url\":\"expenses_department/department/create-project\"},{\"id\":\"reportexpensedepart\",\"title\":\"Reportexpensedepart\",\"translate\":\"NAV.REPORTEXPENSED.TITLE\",\"type\":\"collapsable\",\"children\":[{\"id\":\"reportexpensedepart2\",\"title\":\"Reportexpensedepart2\",\"translate\":\"NAV.REPORTEXPENSED2.TITLE\",\"type\":\"item\",\"url\":\"expenses_department/department/report-project/view-department-sumup\"},{\"id\":\"reportexpensedepart3\",\"title\":\"Reportexpensedepart3\",\"translate\":\"NAV.REPORTEXPENSED3.TITLE\",\"type\":\"item\",\"url\":\"expenses_department/department/report-project/view-graduate-sumup\"},{\"id\":\"reportexpensedepart4\",\"title\":\"Reportexpensedepart4\",\"translate\":\"NAV.REPORTEXPENSED4.TITLE\",\"type\":\"item\",\"url\":\"expenses_department/department/report-project/view-district-sumup\"},{\"id\":\"reportexpensedepart5\",\"title\":\"Reportexpensedepart5\",\"translate\":\"NAV.REPORTEXPENSED5.TITLE\",\"type\":\"item\",\"url\":\"expenses_department/department/report-project/view-mission-sumup\"}]}]},{\"id\":\"productioncost\",\"title\":\"Productioncost\",\"translate\":\"NAV.PRODUCTIONCOST.TITLE\",\"type\":\"collapsable\",\"icon\":\"account_balance\",\"children\":[{\"id\":\"dreportpcost1\",\"title\":\"Dreportpcost1\",\"translate\":\"NAV.DREPORTPCOST1.TITLE\",\"type\":\"item\",\"url\":\"\"},{\"id\":\"dreportpcost2\",\"title\":\"Dreportpcost2\",\"translate\":\"NAV.DREPORTPCOST2.TITLE\",\"type\":\"item\",\"url\":\"\"},{\"id\":\"dreportpcost3\",\"title\":\"Dreportpcost3\",\"translate\":\"NAV.DREPORTPCOST3.TITLE\",\"type\":\"item\",\"url\":\"\"},{\"id\":\"dreportpcost4\",\"title\":\"Dreportpcost4\",\"translate\":\"NAV.DREPORTPCOST4.TITLE\",\"type\":\"item\",\"url\":\"\"},{\"id\":\"dreportpcost5\",\"title\":\"Dreportpcost5\",\"translate\":\"NAV.DREPORTPCOST5.TITLE\",\"type\":\"item\",\"url\":\"\"}]},{\"id\":\"newsannouncements\",\"title\":\"Newsannouncements\",\"translate\":\"NAV.NEWSANNOUNC.TITLE\",\"type\":\"item\",\"url\":\"\"},{\"id\":\"managetimer\",\"title\":\" Managetimer\",\"translate\":\"NAV.MANAGETIMER.TITLE\",\"type\":\"item\",\"url\":\"\"},{\"id\":\"msubref\",\"title\":\"Msubref\",\"translate\":\"NAV.MSUBREF.TITLE\",\"type\":\"collapsable\",\"icon\":\"settings\",\"children\":[{\"id\":\"msubref1\",\"title\":\"Msubref1\",\"translate\":\"NAV.MSUBREF1.TITLE\",\"type\":\"item\",\"url\":\"\"},{\"id\":\"msubref2\",\"title\":\"Msubref2\",\"translate\":\"NAV.MSUBREF2.TITLE\",\"type\":\"item\",\"url\":\"\"},{\"id\":\"msubref3\",\"title\":\"Msubref3\",\"translate\":\"NAV.MSUBREF3.TITLE\",\"type\":\"item\",\"url\":\"\"}]}]},{\"id\":\" manageref\",\"title\":\"Manageref\",\"translate\":\"NAV.MANAGEREF.TITLE\",\"type\":\"group\",\"children\":[{\"id\":\"managerefcastcost\",\"title\":\"Managerefcastcost\",\"translate\":\"NAV.MANAGEREFCASTCOST.TITLE\",\"type\":\"item\",\"icon\":\"settings\",\"url\":\"\"}]}],\"FK_CORE_DEPARTMENT\":3,\"FK_CORE_FACTION\":\"\",\"FK_CORE_WORK\":\"\",\"datacorecenter1\":\"0\",\"datacorecenter2\":\"0\",\"datacorecenter3\":\"\",\"datacorecenter4\":\"\",\"datacorecenter5\":\"\",\"datacorecenter6\":\"1\"}', 1, '0000-00-00 00:00:00'),
(4, 'nips', 'ae99', 'nut', 'Hirunoon', 1, '{\"key1\":\"value1\",\"key2\":\"value2\",\"key3\":\"value3\",\"key2\":\"value4\",\"key4\":\"value2\"}', 1, '0000-00-00 00:00:00'),
(5, 'nips', 'ae99', 'nut', 'Hirunoon', 1, '{\"key1\":\"value1\",\"key2\":\"value2\",\"key3\":\"value3\",\"key2\":\"value4\",\"key4\":\"value2\"}', 1, '2020-07-15 18:47:02'),
(6, 'nips', 'ae99', 'nut', 'Hirunoon', 1, '{    \"key1\":\"value1\",\"key2\":\"value2\",\"key3\":\"value3\",\"key2\":\"value4\",\"key4\":\"value2\"}', 1, '2020-07-15 19:01:34'),
(7, 'test', 'ae99', 'nut', 'Hirunoon', 1, '{\"key1\":\"value1\",\"key\":{\"resources\":{\"gold\":1200,\"wood\":300},\"units\":[{\"type\":\"footman\",\"position\":[10.3,20.6]},{\"type\":\"peasant\",\"position\":[11.3,20.6]}]}}', 1, '2020-07-15 19:01:35'),
(8, 'malong', '953225', 'Panuwat', 'sawangwong', 3, '{\"key1\":\"value1\",\"key\":{\"resources\":{\"gold\":1200,\"wood\":300},\"units\":[{\"type\":\"footman\",\"position\":[10.3,20.6]},{\"type\":\"peasant\",\"position\":[11.3,20.6]}]}}', 1, '2020-07-17 03:53:58'),
(9, 'war@hot', 'w', 'w', 'w', 3, '{\"user_role_expense1\":null,\"user_role_expense2\":null,\"user_role_expense3\":\"ผู้กรอกข้อมูล\",\"user_role_expense4\":null,\"navigate\":[{\"id\":\"news\",\"title\":\"News\",\"translate\":\"NAV.NEWS.TITLE\",\"type\":\"item\",\"icon\":\"home\",\"url\":\"home/news\"},{\"id\":\"dean\",\"title\":\"Deant\",\"translate\":\"NAV.DEAN.TITLE\",\"type\":\"group\",\"children\":[{\"id\":\"expensedean\",\"title\":\"Expensedean\",\"translate\":\"NAV.EXPENSEDEAN.TITLE\",\"type\":\"collapsable\",\"icon\":\"account_balance\",\"children\":[{\"id\":\"editexpensedean\",\"title\":\"Editexpensedean\",\"translate\":\"NAV.EDITEXPENSEDEAN.TITLE\",\"type\":\"item\",\"url\":\"expenses_dean/dean/edit-project\"},{\"id\":\"createexpensedean\",\"title\":\"Createexpensedean\",\"translate\":\"NAV.CREATEEXPENSEDEAN.TITLE\",\"type\":\"item\",\"url\":\"expenses_dean/dean/create-project\"}]}]},{\"id\":\" manageref\",\"title\":\"Manageref\",\"translate\":\"NAV.MANAGEREF.TITLE\",\"type\":\"group\",\"children\":[]}],\"FK_CORE_DEPARTMENT\":\"\",\"FK_CORE_FACTION\":\"\",\"FK_CORE_WORK\":\"\",\"datacorecenter1\":\"\",\"datacorecenter2\":\"\",\"datacorecenter3\":\"\",\"datacorecenter4\":\"\",\"datacorecenter5\":\"\",\"datacorecenter6\":\"\"}', 1, '2020-09-10 20:08:06'),
(10, 'q@hotmail.com', 'q', 'q', 'q', 3, '{\"user_role_expense1\":null,\"user_role_expense2\":null,\"user_role_expense3\":\"ผู้ดูแลระบบย่อย\",\"user_role_expense4\":null,\"navigate\":[{\"id\":\"news\",\"title\":\"News\",\"translate\":\"NAV.NEWS.TITLE\",\"type\":\"item\",\"icon\":\"home\",\"url\":\"home/news\"},{\"id\":\"dean\",\"title\":\"Deant\",\"translate\":\"NAV.DEAN.TITLE\",\"type\":\"group\",\"children\":[{\"id\":\"expensedean\",\"title\":\"Expensedean\",\"translate\":\"NAV.EXPENSEDEAN.TITLE\",\"type\":\"collapsable\",\"icon\":\"account_balance\",\"children\":[{\"id\":\"dashexpensedean\",\"title\":\"Dashexpensedean\",\"translate\":\"NAV.DASHEXPENSEDEAN.TITLE\",\"type\":\"item\",\"url\":\"expenses_dean/dean/overview-project\"},{\"id\":\"editexpensedean\",\"title\":\"Editexpensedean\",\"translate\":\"NAV.EDITEXPENSEDEAN.TITLE\",\"type\":\"item\",\"url\":\"expenses_dean/dean/edit-project\"},{\"id\":\"createexpensedean\",\"title\":\"Createexpensedean\",\"translate\":\"NAV.CREATEEXPENSEDEAN.TITLE\",\"type\":\"item\",\"url\":\"expenses_dean/dean/create-project\"},{\"id\":\"reportexpensedepart\",\"title\":\"Reportexpensedepart\",\"translate\":\"NAV.REPORTEXPENSED.TITLE\",\"type\":\"collapsable\",\"children\":[{\"id\":\"reportexpensedepart1\",\"title\":\"Reportexpensedepart1\",\"translate\":\"NAV.REPORTEXPENSED1.TITLE\",\"type\":\"item\",\"url\":\"expenses_dean/dean/report-project/view-faculty-sumup\"},{\"id\":\"reportexpensefaction\",\"title\":\"Reportexpensefaction\",\"translate\":\"NAV.REPORTEXPENSEFACTION.TITLE\",\"type\":\"item\",\"url\":\"expenses_dean/dean/report-project/view-faction-sumup\"},{\"id\":\"reportexpensework\",\"title\":\"Reportexpensework\",\"translate\":\"NAV.REPORTEXPENSEWORK.TITLE\",\"type\":\"item\",\"url\":\"expenses_dean/dean/report-project/view-work-sumup\"},{\"id\":\"reportexpensedepart3\",\"title\":\"Reportexpensedepart3\",\"translate\":\"NAV.REPORTEXPENSED3.TITLE\",\"type\":\"item\",\"url\":\"expenses_dean/dean/report-project/view-graduate-sumup\"},{\"id\":\"reportexpensedepart4\",\"title\":\"Reportexpensedepart4\",\"translate\":\"NAV.REPORTEXPENSED4.TITLE\",\"type\":\"item\",\"url\":\"expenses_dean/dean/report-project/view-district-sumup\"},{\"id\":\"reportexpensedepart5\",\"title\":\"Reportexpensedepart5\",\"translate\":\"NAV.REPORTEXPENSED5.TITLE\",\"type\":\"item\",\"url\":\"expenses_dean/dean/report-project/view-mission-sumup\"}]}]}]},{\"id\":\" manageref\",\"title\":\"Manageref\",\"translate\":\"NAV.MANAGEREF.TITLE\",\"type\":\"group\",\"children\":[{\"id\":\"managerefdept\",\"title\":\"Managerefdept\",\"translate\":\"NAV.MANAGEREFDEPT.TITLE\",\"type\":\"item\",\"icon\":\"settings\",\"url\":\"\"}]}],\"FK_CORE_DEPARTMENT\":\"\",\"FK_CORE_FACTION\":2,\"FK_CORE_WORK\":6,\"datacorecenter1\":\"1\",\"datacorecenter2\":\"\",\"datacorecenter3\":\"\",\"datacorecenter4\":\"\",\"datacorecenter5\":\"\",\"datacorecenter6\":\"\"}', 1, '2020-09-10 20:18:23');

-- --------------------------------------------------------

--
-- Table structure for table `core_user_department`
--

CREATE TABLE `core_user_department` (
  `id` int(10) NOT NULL,
  `FK_CORE_DEPARTMENT` int(10) DEFAULT NULL,
  `FK_CORE_USER` int(10) DEFAULT NULL,
  `code` varchar(1024) DEFAULT NULL COMMENT 'รหัสประจำตัวเจ้าหน้าที่ภาควิชาฯ'
) ENGINE=InnoDB DEFAULT CHARSET=utf8mb4;

-- --------------------------------------------------------

--
-- Table structure for table `core_user_faction`
--

CREATE TABLE `core_user_faction` (
  `id` int(10) NOT NULL,
  `FK_CORE_FACTION` int(10) DEFAULT NULL,
  `FK_CORE_WORK` int(10) DEFAULT NULL,
  `FK_CORE_USER` int(10) DEFAULT NULL,
  `code` varchar(1024) DEFAULT NULL COMMENT 'รหัสประจำตัวเจ้าหน้าที่ฝ่าย/งาน'
) ENGINE=InnoDB DEFAULT CHARSET=utf8mb4;

-- --------------------------------------------------------

--
-- Table structure for table `core_work`
--

CREATE TABLE `core_work` (
  `id` int(10) NOT NULL,
  `FK_CORE_FACTION` int(10) DEFAULT NULL,
  `year` varchar(4) DEFAULT NULL,
  `code` int(10) DEFAULT NULL,
  `name` varchar(50) DEFAULT NULL,
  `status` int(1) DEFAULT NULL
) ENGINE=InnoDB DEFAULT CHARSET=utf8mb4;

--
-- Dumping data for table `core_work`
--

INSERT INTO `core_work` (`id`, `FK_CORE_FACTION`, `year`, `code`, `name`, `status`) VALUES
(1, 1, '2564', 1, 'งานวิชาการและกิจการนิสิต', 1),
(2, 3, '2564', 12, 'งานวิจัยและบริการวิชาการ', 1),
(3, 4, '2564', 13, 'งานนโยบายและแผน', 1),
(4, 5, '2564', 14, 'งานวิชาการและกิจการนิสิต	', 1),
(5, 2, '2564', 17, 'งานบริหารกายภาพ	', 1),
(6, 2, '2564', 18, 'งานบริหารกลางและทรัพยากรมนุษย์', 1),
(7, 2, '2564', 19, 'งานคลังและพัสดุ', 1);

-- --------------------------------------------------------

--
-- Table structure for table `dean_budget`
--

CREATE TABLE `dean_budget` (
  `id` int(10) NOT NULL,
  `FK_DEAN_PROJECT` int(10) DEFAULT NULL,
  `FK_CORE_CATEGORY` int(10) DEFAULT NULL,
  `FK_CORE_CATEGORY_COST` int(10) DEFAULT NULL,
  `year` varchar(4) DEFAULT NULL COMMENT 'ปีงบประมาณ (ตอนแสดงผลปีให้แสดงเป็น พ.ศ.)',
  `oct` decimal(10,0) DEFAULT NULL COMMENT 'ค่าใช้จ่ายเดือนตุลาคม',
  `nov` decimal(10,0) DEFAULT NULL COMMENT 'ค่าใช้จ่ายเดือนพฤศจิกายน',
  `dec` decimal(10,0) DEFAULT NULL COMMENT 'ค่าใช้จ่ายเดือนธันวาคม',
  `jan` decimal(10,0) DEFAULT NULL COMMENT 'ค่าใช้จ่ายเดือนมกราคม',
  `feb` decimal(10,0) DEFAULT NULL COMMENT 'ค่าใช้จ่ายเดือนกุมภาพันธ์',
  `mar` decimal(10,0) DEFAULT NULL COMMENT 'ค่าใช้จ่ายเดือนมีนาคม',
  `apr` decimal(10,0) DEFAULT NULL COMMENT 'ค่าใช้จ่ายเดือนเมษายน',
  `may` decimal(10,0) DEFAULT NULL COMMENT 'ค่าใช้จ่ายเดือนพฤษภาคม',
  `jun` decimal(10,0) DEFAULT NULL COMMENT 'ค่าใช้จ่ายเดือนมิถุนายน',
  `jul` decimal(10,0) DEFAULT NULL COMMENT 'ค่าใช้จ่ายเดือนกรกฏาคม',
  `aug` decimal(10,0) DEFAULT NULL COMMENT 'ค่าใช้จ่ายเดือนสิงหาคม',
  `sep` decimal(10,0) DEFAULT NULL COMMENT 'ค่าใช้จ่ายเดือนกันยายน'
) ENGINE=InnoDB DEFAULT CHARSET=utf8mb4;

--
-- Dumping data for table `dean_budget`
--

INSERT INTO `dean_budget` (`id`, `FK_DEAN_PROJECT`, `FK_CORE_CATEGORY`, `FK_CORE_CATEGORY_COST`, `year`, `oct`, `nov`, `dec`, `jan`, `feb`, `mar`, `apr`, `may`, `jun`, `jul`, `aug`, `sep`) VALUES
(15, 2, 2, 7, NULL, '100', '200', '500', NULL, NULL, NULL, NULL, NULL, NULL, NULL, NULL, NULL),
(16, 2, 3, 42, NULL, '2000', '500', '200', NULL, NULL, NULL, NULL, NULL, NULL, NULL, NULL, '100'),
(17, 2, 1, 1, NULL, '100', '200', '500', NULL, NULL, NULL, NULL, NULL, NULL, NULL, NULL, NULL),
(23, 4, 2, 7, NULL, '1000', NULL, NULL, NULL, NULL, NULL, NULL, NULL, NULL, NULL, NULL, NULL);

-- --------------------------------------------------------

--
-- Table structure for table `dean_budget_file`
--

CREATE TABLE `dean_budget_file` (
  `id` int(10) NOT NULL,
  `FK_DEAN_PROJECT` int(10) DEFAULT NULL,
  `year` varchar(4) DEFAULT NULL COMMENT 'ปีงบประมาณ (ตอนแสดงผลปีให้แสดงเป็น พ.ศ.)',
  `path` varchar(1024) DEFAULT NULL COMMENT 'Path ของไฟล์ที่มีการอัพโหลด',
  `create_time` timestamp NULL DEFAULT CURRENT_TIMESTAMP ON UPDATE CURRENT_TIMESTAMP COMMENT 'Timestamp ที่สร้างข้อมูล'
) ENGINE=InnoDB DEFAULT CHARSET=utf8mb4;

-- --------------------------------------------------------

--
-- Table structure for table `dean_district`
--

CREATE TABLE `dean_district` (
  `id` int(10) NOT NULL,
  `FK_DEAN_GRADUATE` int(10) DEFAULT NULL,
  `year` varchar(4) DEFAULT NULL COMMENT 'ปีงบประมาณ (ตอนแสดงผลปีให้แสดงเป็น พ.ศ.)',
  `code` varchar(10) DEFAULT NULL COMMENT 'รหัสเขตตามหน้าที่',
  `name` varchar(1024) DEFAULT NULL COMMENT 'ชื่อ',
  `initial` varchar(1024) DEFAULT NULL COMMENT 'ชื่อย่อ',
  `status` int(1) DEFAULT NULL COMMENT 'สถานะข้อมูล 0 = ปิดใช้งาน 1 = เปิดใช้งาน'
) ENGINE=InnoDB DEFAULT CHARSET=utf8mb4;

--
-- Dumping data for table `dean_district`
--

INSERT INTO `dean_district` (`id`, `FK_DEAN_GRADUATE`, `year`, `code`, `name`, `initial`, `status`) VALUES
(21, 1, '2564', '1161230070', 'ก.สส.งานบริหารทั่วไป', NULL, 1),
(22, 2, '2564', '1162230010', 'ก.เทคโนโลยีสารสนเทศ', NULL, 1),
(23, 3, '2564', '1161230070', 'ก.สส.งานบริหารทั่วไป', NULL, 1),
(24, 4, '2564', '1161230020', 'ก.สส.งานบริหารบุคคล', NULL, 1),
(25, 4, '2564', '1161230070', 'ก.สส.งานบริหารทั่วไป', NULL, 1),
(26, 5, '2564', '1161230070', 'ก.สส.งานบริหารทั่วไป', NULL, 1),
(27, 6, '2564', '1161230070', 'ก.สส.งานบริหารทั่วไป', NULL, 1),
(28, 7, '2564', '1161230070', 'ก.สส.งานบริหารทั่วไป', NULL, 1),
(29, 7, '2564', '1199230010', 'ก.กิจการนโยบาย วท', NULL, 1),
(30, 8, '2564', '6111230010', 'ก.สร้างผลผลิตงานวิจัย', NULL, 1),
(31, 9, '2564', '1161230050', 'ก.สส.งานบริการวิชาการ', NULL, 1),
(32, 10, '2564', '1162230030', 'ก.ห้องสมุด-เทคโนฯศึกษา', NULL, 1),
(33, 11, '2564', '1161230050', 'ก.สส.งานบริการวิชาการ', NULL, 1),
(34, 12, '2564', '1161230050', 'ก.สส.งานบริการวิชาการ', NULL, 1),
(35, 13, '2564', '1161230050', 'ก.สส.งานบริการวิชาการ', NULL, 1),
(36, 14, '2564', '1161230050', 'ก.สนับสนุนงานบริหารวิชาการ', NULL, 1),
(37, 15, '2564', '1113230010', 'ก.นิสิต-การพัฒนานิสิต', NULL, 1),
(38, 15, '2564', '1113230020', 'ก.ทุนอุดหนุนการศึกษา วท.', NULL, 1),
(39, 16, '2564', '1162230020', 'ก.ทะเบียนและประมวลผล', NULL, 1),
(40, 17, '2564', '1163230011', 'ก.วิรัชกิจ', NULL, 1);

-- --------------------------------------------------------

--
-- Table structure for table `dean_graduate`
--

CREATE TABLE `dean_graduate` (
  `id` int(10) NOT NULL,
  `FK_CORE_WORK` int(10) NOT NULL,
  `year` varchar(4) DEFAULT NULL COMMENT 'ปีงบประมาณ (ตอนแสดงผลปีให้แสดงเป็น พ.ศ.)',
  `code` varchar(10) DEFAULT NULL COMMENT 'รหัสศูนย์ต้นทุน',
  `name` varchar(1024) DEFAULT NULL COMMENT 'ชื่อศูนย์ต้นทุน',
  `initial` varchar(1024) DEFAULT NULL COMMENT 'ชื่อย่อศูนย์ต้นทุน',
  `status` int(1) DEFAULT NULL COMMENT 'สถานะข้อมูล 0 = ปิดใช้งาน 1 = เปิดใช้งาน'
) ENGINE=InnoDB DEFAULT CHARSET=utf8mb4;

--
-- Dumping data for table `dean_graduate`
--

INSERT INTO `dean_graduate` (`id`, `FK_CORE_WORK`, `year`, `code`, `name`, `initial`, `status`) VALUES
(1, 5, '2564', '1234101010', 'สายงานจัดการอาคาร ซ่อมบำรุง และรักษาความปลอดภัย', NULL, 1),
(2, 5, '2564', '1234101020', 'สายงานเทคโนโลยีสารสนเทศและโสตทัศนูปกรณ์การศึกษา', NULL, 1),
(3, 6, '2564', '1234102010', 'สายงานบริหารกลาง', NULL, 1),
(4, 6, '2564', '1234102020', 'สายงานทรัพยากรมนุษย์', NULL, 1),
(5, 7, '2564', '1234103010', 'สายงานพัสดุ', NULL, 1),
(6, 7, '2564', '1234103020', 'สายงานการเงินและบัญชี', NULL, 1),
(7, 3, '2564', '1234104010', 'สายงานยุทธศาสตร์และการงบประมาณ และบริหารคุณภาพ', NULL, 1),
(8, 2, '2564', '1234201010', 'สายงานบริหารวิจัย', NULL, 1),
(9, 2, '2564', '1234201020', 'สายงานบริการวิชาการและวิเคราะห์ทดสอบด้านวิทยาศาสตร์และเทคโนโลยี', NULL, 1),
(10, 2, '2564', '1234201030', 'สายงานบริการวิทยทรัพยากรและพิพิธภัณฑ์วิทยาศาสตร์และเทคโนโลยี', NULL, 1),
(11, 2, '2564', '1234201040', 'ห้องปฏิบัติการวิจัยและทดสอบอาหาร', NULL, 1),
(12, 2, '2564', '1234201050', 'ศูนย์เชี่ยวชาญเฉพาะทางด้านโรงงานต้นแบบแปรรูปอาหาร', NULL, 1),
(13, 2, '2564', '1234201060', 'ศูนย์วิทยาศาสตร์โอมิกส์และชีวสารสนเทศ', NULL, 1),
(14, 4, '2564', '1234202010', 'สายงานพัฒนาวิชาการและพัฒนานิสิต', NULL, 1),
(15, 1, '2564', '1234202020', 'สายงานกิจการนิสิต', NULL, 1),
(16, 4, '2564', '1234202030', 'สายงานบริการการศึกษา', NULL, 1),
(17, 4, '2564', '1234202040', 'สายงานกิจการนานาชาติ', NULL, 1);

-- --------------------------------------------------------

--
-- Table structure for table `dean_project`
--

CREATE TABLE `dean_project` (
  `id` int(10) NOT NULL,
  `FK_DEAN_GRADUATE` int(10) DEFAULT NULL,
  `FK_DEAN_DISTRICT` int(10) DEFAULT NULL,
  `FK_CORE_FACTION` int(10) DEFAULT NULL,
  `FK_CORE_WORK` int(10) DEFAULT NULL,
  `FK_CORE_MISSION` int(10) DEFAULT NULL,
  `STRATEGY` longtext CHARACTER SET utf8mb4 COLLATE utf8mb4_bin COMMENT 'ข้อมูลยุทธศาสตร์/เป้าประสงค์/KPI',
  `year` varchar(4) DEFAULT NULL COMMENT 'ปีงบประมาณ (ตอนแสดงผลปีให้แสดงเป็น พ.ศ.)',
  `name` varchar(1024) DEFAULT NULL COMMENT 'ชื่อโครงการ',
  `objective` varchar(1024) DEFAULT NULL COMMENT 'วัตถุประสงค์โครงการ',
  `type` int(1) DEFAULT NULL COMMENT 'สถานะข้อมูล 0 = ยุทธศาสตร์ 1 = งานประจำ',
  `date_start` date DEFAULT NULL COMMENT 'วัน/เดือน/ปี ที่เริ่มโครงการ',
  `date_end` date DEFAULT NULL COMMENT 'วัน/เดือน/ปี ที่สิ้นสุดโครงการ',
  `addition` longtext CHARACTER SET utf8mb4 COLLATE utf8mb4_bin COMMENT 'รายละเอียดเพิ่มเติมโครงการ',
  `status` int(1) DEFAULT NULL COMMENT 'สถานะโครงการ 0 = ยังไม่สมบูรณ์ 1 = รอการอนุมัติ 2 = อนุมัติแล้ว',
  `log` longtext CHARACTER SET utf8mb4 COLLATE utf8mb4_bin COMMENT 'บันทึกการสร้าง/แก้ไข โครงการ',
  `trash` longtext
) ENGINE=InnoDB DEFAULT CHARSET=utf8mb4;

--
-- Dumping data for table `dean_project`
--

INSERT INTO `dean_project` (`id`, `FK_DEAN_GRADUATE`, `FK_DEAN_DISTRICT`, `FK_CORE_FACTION`, `FK_CORE_WORK`, `FK_CORE_MISSION`, `STRATEGY`, `year`, `name`, `objective`, `type`, `date_start`, `date_end`, `addition`, `status`, `log`, `trash`) VALUES
(2, 3, 23, 2, 6, 2, '[{\"id\":0,\"Strategy_department\":1,\"goal_department\":1,\"KPI_department\":2}]', '2564', 'war', 'a', 1, '2020-09-30', '2020-12-01', '[{\"id\":0,\"fieldtext\":\"aa\",\"fieldtextarea\":\"dd\"}]', 0, NULL, NULL),
(3, 14, 36, 5, 4, 4, '[{\"id\":0,\"Strategy_department\":3,\"goal_department\":16,\"KPI_department\":90}]', '2564', 'โครงการจัดหาครุภัณฑ์เพื่อรองรับการวิจัยที่มีประสิทธภาพที่ทันสมัย', '', 0, '2020-10-01', '2021-01-29', '[]', 1, NULL, NULL),
(4, 4, 25, 2, 6, 1, '[{\"id\":0,\"Strategy_department\":1,\"goal_department\":2,\"KPI_department\":11}]', '2564', 'โครงการจัดการศึกษาภาคฤดูร้อน', '', 0, '2020-10-01', '2020-10-30', '[]', 1, NULL, NULL);

-- --------------------------------------------------------

--
-- Table structure for table `dean_project_name`
--

CREATE TABLE `dean_project_name` (
  `id` int(10) NOT NULL,
  `FK_CORE_MISSION` int(10) DEFAULT NULL,
  `year` varchar(4) DEFAULT NULL COMMENT 'ปีงบประมาณ (ตอนแสดงผลปีให้แสดงเป็น พ.ศ.)',
  `name` varchar(1024) DEFAULT NULL COMMENT 'ชื่อตัวอย่างโครงการ',
  `status` int(1) DEFAULT NULL COMMENT 'สถานะข้อมูล 0 = ปิดใช้งาน 1 = เปิดใช้งาน'
) ENGINE=InnoDB DEFAULT CHARSET=utf8mb4;

--
-- Dumping data for table `dean_project_name`
--

INSERT INTO `dean_project_name` (`id`, `FK_CORE_MISSION`, `year`, `name`, `status`) VALUES
(1, 1, '2564', 'โครงการจัดการศึกษาภาคฤดูร้อน', 1),
(2, 1, '2564', 'โครงการจัดหาครุภัณฑ์เพื่อการจัดการศึกษาระดับบัณฑิตศึกษา', 0),
(3, 1, '2564', 'โครงการจัดหาครุภัณฑ์เพื่อการจัดการศึกษาระดับปริญญาบัณฑิต', 0),
(4, 1, '2564', 'โครงการซ่อมบำรุงครุภัณฑ์และระบบกายภาพเพื่อรองรับการเรียนการสอนที่มีประสิทธิภาพและทันสมัย', 0),
(5, 1, '2564', 'โครงการบริหารจัดการหลักสูตรและการจัดการศึกษาระดับบัณฑิตศึกษา', 0),
(6, 1, '2564', 'โครงการบริหารจัดการหลักสูตรและการจัดการศึกษาระดับปริญญาบัณฑิต', 0),
(7, 1, '2564', 'โครงการปรับปรุงระบบกายภาพเพื่อสนับสนุนการจัดการศึกษา', 1),
(8, 1, '2564', 'โครงการสนับสนุนการบริหารสายงานพัสดุ', 1),
(9, 1, '2564', 'โครงการสนับสนุนการบริหารสายงานกิจการนิสิต', 1),
(10, 1, '2564', 'โครงการสนับสนุนการบริหารสายงานการเงินและบัญชี', 1),
(11, 1, '2564', 'โครงการสนับสนุนการบริหารสายงานเทคโนโลยีสารสนเทศและโสตทัศนูปกรณ์การศึกษา', 1),
(12, 1, '2564', 'โครงการสนับสนุนการบริหารสายงานบริหารกลาง', 1),
(13, 1, '2564', 'โครงการสนับสนุนการบริหารสายงานจัดการอาคาร ซ่อมบำรุง และรักษาความปลอดภัย', 1),
(14, 1, '2564', 'โครงการสนับสนุนการบริหารสายงานพัฒนาวิชาการและพัฒนานิสิต', 1),
(15, 1, '2564', 'โครงการสนับสนุนการบริหารสายงานบริการการศึกษา', 1),
(16, 1, '2564', 'โครงการสนับสนุนการบริหารสายงานกิจการนานาชาติ', 1),
(17, 1, '2564', 'โครงการสนับสนุนการบริหารสายงานยุทธศาสตร์และการงบประมาณ และบริหารคุณภาพ', 1),
(18, 3, '2564', 'โครงการสนับสนุนการบริหารสายงานบริการวิชาการและวิเคราะห์ทดสอบด้านวิทยาศาสตร์และเทคโนโลยี', 1),
(19, 3, '2564', 'โครงการสนับสนุนการบริหารสายงานบริการวิทยทรัพยากรและพิพิธภัณฑ์วิทยาศาสตร์และเทคโนโลยี', 1),
(20, 3, '2564', 'โครงการสนับสนุนการบริหารห้องปฏิบัติการวิจัยและทดสอบอาหาร', 1),
(21, 3, '2564', 'โครงการสนับสนุนการบริหารศูนย์เชี่ยวชาญเฉพาะทางด้านโรงงานต้นแบบแปรรูปอาหาร', 1),
(22, 3, '2564', 'โครงการสนับสนุนการบริหารศูนย์วิทยาศาสตร์โอมิกส์และชีวสารสนเทศ', 1),
(23, 4, '2564', 'โครงการจัดหาครุภัณฑ์เพื่อรองรับการวิจัยที่มีประสิทธภาพที่ทันสมัย', 0),
(24, 4, '2564', 'โครงการซ่อมบำรุงครุภัณฑ์และระบบกายภาพเพื่อรองรับการวิจัยที่มีประสิทธิภาพและทันสมัย', 1),
(25, 4, '2564', 'โครงการปรับปรุงระบบกายภาพเพื่อรองรับการวิจัย', 1),
(26, 4, '2564', 'โครงการสนับสนุนการบริหารสายงานบริหารวิจัย', 1),
(27, 5, '2564', 'โครงการสัมมนาภาควิชา/หลักสูตรเพื่อพัฒนาหลักสูตรและการจัดการศึกษา', 0),
(28, 5, '2564', 'โครงการสนับสนุนการบริหารสายงานทรัพยากรมนุษย์', 1),
(29, 1, '2564', 'โครงการจัดหาครุภัณฑ์เพื่อการเรียนการสอน', 1),
(30, 4, '2564', 'โครงการจัดหาครุภัณฑ์เพื่อการวิจัย', 1),
(31, 1, '2564', 'โครงการบริหารจัดการหลักสูตรและการจัดการศึกษา', 1),
(32, 1, '2564', 'โครงการซ่อมบำรุงครุภัณฑ์และระบบกายภาพเพื่อผลิตบัณฑิต', 1),
(33, 5, '2564', 'โครงการสัมมนาเพื่อพัฒนาหลักสูตรและการจัดการศึกษา', 1);

-- --------------------------------------------------------

--
-- Table structure for table `dean_resource`
--

CREATE TABLE `dean_resource` (
  `id` int(11) NOT NULL,
  `FK_DEAN_PROJECT` int(11) DEFAULT NULL,
  `year` varchar(4) DEFAULT NULL COMMENT 'ปีงบประมาณ (ตอนแสดงผลปีให้แสดงเป็น พ.ศ.)',
  `name` varchar(1024) DEFAULT NULL COMMENT 'ชื่อครุภัณฑ์',
  `initial` varchar(1024) DEFAULT NULL COMMENT 'ชื่อย่อครุภัณฑ์',
  `amount` int(10) DEFAULT NULL COMMENT 'จำนวนครุภัณฑ์',
  `unit` varchar(1024) DEFAULT NULL COMMENT 'หน่วยนับครุภัณฑ์',
  `price` decimal(10,0) DEFAULT NULL COMMENT 'ราคาต่อหน่วยครุภัณฑ์',
  `oct` varchar(50) DEFAULT NULL COMMENT 'นิยามการกำหนดแผนการจัดซื้อจัดจ้างเดือนตุลาคม  a = เริ่มกระบวนการจัดซื้อจัดจ้าง  -	b = กำหนดลงนามในสัญญาการจัดซื้อจัดจ้าง  -	c = กำหนดการชำระเงิน',
  `nov` varchar(50) DEFAULT NULL COMMENT 'นิยามการกำหนดแผนการจัดซื้อจัดจ้างเดือนพฤศจิกายน',
  `dec` varchar(50) DEFAULT NULL COMMENT 'นิยามการกำหนดแผนการจัดซื้อจัดจ้างเดือนธันวาคม',
  `jan` varchar(50) DEFAULT NULL COMMENT 'นิยามการกำหนดแผนการจัดซื้อจัดจ้างเดือนมกราคม',
  `feb` varchar(50) DEFAULT NULL COMMENT 'นิยามการกำหนดแผนการจัดซื้อจัดจ้างเดือนกุมภาพันธ์',
  `mar` varchar(50) DEFAULT NULL COMMENT 'นิยามการกำหนดแผนการจัดซื้อจัดจ้างเดือนมีนาคม',
  `apr` varchar(50) DEFAULT NULL COMMENT 'นิยามการกำหนดแผนการจัดซื้อจัดจ้างเดือนเมษายน',
  `may` varchar(50) DEFAULT NULL COMMENT 'นิยามการกำหนดแผนการจัดซื้อจัดจ้างเดือนพฤษภาคม',
  `jun` varchar(50) DEFAULT NULL COMMENT 'นิยามการกำหนดแผนการจัดซื้อจัดจ้างเดือนมิถุนายน',
  `jul` varchar(50) DEFAULT NULL COMMENT 'นิยามการกำหนดแผนการจัดซื้อจัดจ้างเดือนกรกฏาคม',
  `aug` varchar(50) DEFAULT NULL COMMENT 'นิยามการกำหนดแผนการจัดซื้อจัดจ้างเดือนสิงหาคม',
  `sep` varchar(50) DEFAULT NULL COMMENT 'นิยามการกำหนดแผนการจัดซื้อจัดจ้างเดือนกันยายน'
) ENGINE=InnoDB DEFAULT CHARSET=utf8mb4;

--
-- Dumping data for table `dean_resource`
--

INSERT INTO `dean_resource` (`id`, `FK_DEAN_PROJECT`, `year`, `name`, `initial`, `amount`, `unit`, `price`, `oct`, `nov`, `dec`, `jan`, `feb`, `mar`, `apr`, `may`, `jun`, `jul`, `aug`, `sep`) VALUES
(6, 2, NULL, 'c', 'b', 5, 'd', '20', '100', '200', '500', NULL, NULL, NULL, NULL, NULL, NULL, NULL, NULL, NULL);

-- --------------------------------------------------------

--
-- Table structure for table `dean_strategy_faculty`
--

CREATE TABLE `dean_strategy_faculty` (
  `id` int(10) NOT NULL,
  `year` varchar(4) DEFAULT NULL COMMENT 'ปีงบประมาณ (ตอนแสดงผลปีให้แสดงเป็น พ.ศ.)',
  `detail` varchar(1024) DEFAULT NULL COMMENT 'รายละเอียดยุทธศาสตร์',
  `status` int(1) DEFAULT NULL COMMENT 'สถานะข้อมูล 0 = ปิดใช้งาน 1 = เปิดใช้งาน'
) ENGINE=InnoDB DEFAULT CHARSET=utf8mb4;

--
-- Dumping data for table `dean_strategy_faculty`
--

INSERT INTO `dean_strategy_faculty` (`id`, `year`, `detail`, `status`) VALUES
(1, '2564', 'พัฒนาคนดีและคนเก่งสู่สังคม', 1),
(2, '2564', 'พัฒนาองค์ความรู้ด้านวิทยาศาสตร์และนวัตกรรม', 1),
(3, '2564', 'พัฒนาสังคมไทยสู่สังคมโลกด้วยวิทยาศาสตร์และเทคโนโลยี', 1);

-- --------------------------------------------------------

--
-- Table structure for table `dean_strategy_goal`
--

CREATE TABLE `dean_strategy_goal` (
  `id` int(10) NOT NULL,
  `FK_DEAN_STRATEGY_FACULTY` int(10) DEFAULT NULL,
  `year` varchar(4) DEFAULT NULL COMMENT 'ปีงบประมาณ (ตอนแสดงผลปีให้แสดงเป็น พ.ศ.)',
  `detail` varchar(1024) DEFAULT NULL COMMENT 'รายละเอียดเป้าประสงค์',
  `status` int(1) DEFAULT NULL COMMENT 'สถานะข้อมูล 0 = ปิดใช้งาน 1 = เปิดใช้งาน'
) ENGINE=InnoDB DEFAULT CHARSET=utf8mb4;

--
-- Dumping data for table `dean_strategy_goal`
--

INSERT INTO `dean_strategy_goal` (`id`, `FK_DEAN_STRATEGY_FACULTY`, `year`, `detail`, `status`) VALUES
(1, 1, '2564', 'G1 หลักสูตรได้รับการยอมรับระดับนานาชาติ', 1),
(2, 1, '2564', 'G2 การเรียนการสอนมีนวัตกรรมที่ส่งเสริมการเรียนรู้ของนิสิต', 1),
(3, 1, '2564', 'G3 บัณฑิต มีความรู้ คิดเป็น ทำเป็น มีทักษะด้านการสื่อสาร (ภาษา IT) มีภาวะผู้นำ มีจิตสาธารณะ และเป็นที่ต้องการของสังคม', 1),
(4, 1, '2564', 'G4 บัณฑิตมีศักยภาพด้านวิทยาศาสตร์-เทคโนโลยี และมีโอกาสได้แสดงศักยภาพทั้งระดับชาติและนานาชาติ', 1),
(5, 1, '2564', 'G5 นิสิตและบุคลากรได้รับการสนับสนุนให้มีความพร้อมด้านต่าง ๆ เพื่อส่งเสริมการเรียนรู้และสร้างประสบการณ์ชีวิต ก่อให้เกิดสุขภาวะและสุขภาพที่ดี', 1),
(6, 1, '2564', 'G6 บุคลากร มีศักยภาพสูงด้านวิจัยทั้งสายวิชาการและสายปฏิบัติการ', 1),
(7, 1, '2564', 'G7 คณะวิทยาศาสตร์มีระบบบริหารทรัพยากรบุคคลที่ส่งเสริมให้เป็นคนดีและคนเก่ง', 1),
(8, 2, '2564', 'G8 เพิ่มงานวิจัยและงานบริการวิชาการที่ทำร่วมกับหน่วยงานภาครัฐ อุตสาหกรรม สังคมและชุมชน', 1),
(9, 2, '2564', 'G9 ผลงานวิจัยได้รับตีพิมพ์ในวารสาร วิชาการที่มี IMPACT FACTOR สูง', 1),
(10, 2, '2564', 'G10 เพิ่มงานวิจัยบูรณาการข้ามศาสตร์', 1),
(11, 2, '2564', 'G11 โครงสร้างพื้นฐานรองรับงานวิจัยและการเรียนการสอนที่มีประสิทธิภาพและทันสมัย', 1),
(12, 2, '2564', 'G12 องค์กรที่มีความคล่องตัว ยืดหยุ่น และทันต่อการเปลี่ยนแปลง', 1),
(13, 2, '2564', 'G13 สร้างระบบบริหารทรัพย์สินและเงินทุนอย่างมีประสิทธิภาพเพื่อความมั่นคงและ ยั่งยืน', 1),
(14, 3, '2564', 'G14 สร้างเครือข่ายและความร่วมมือกับศิษย์เก่า หน่วยงานภาครัฐ อุตสาหกรรม ทั้งภายในและภายนอกประเทศ', 1),
(15, 3, '2564', 'G15 ผลงานวิจัยถูกนำไปใช้ประโยชน์ในหน่วยงานภาครัฐ อุตสาหกรรม สังคมและชุมชน', 1),
(16, 3, '2564', 'G16 คณะวิทยาศาสตร์เป็นองค์กรต้นแบบการอนุรักษ์สิ่งแวดล้อมและพลังงาน', 1);

-- --------------------------------------------------------

--
-- Table structure for table `dean_strategy_kpi`
--

CREATE TABLE `dean_strategy_kpi` (
  `id` int(10) NOT NULL,
  `FK_DEAN_STRATEGY_GOAL` int(10) DEFAULT NULL,
  `year` varchar(4) DEFAULT NULL COMMENT 'ปีงบประมาณ (ตอนแสดงผลปีให้แสดงเป็น พ.ศ.)',
  `detail` varchar(1024) DEFAULT NULL COMMENT 'รายละเอียดเป้าประสงค์',
  `status` int(1) DEFAULT NULL COMMENT 'สถานะข้อมูล 0 = ปิดใช้งาน 1 = เปิดใช้งาน'
) ENGINE=InnoDB DEFAULT CHARSET=utf8mb4;

--
-- Dumping data for table `dean_strategy_kpi`
--

INSERT INTO `dean_strategy_kpi` (`id`, `FK_DEAN_STRATEGY_GOAL`, `year`, `detail`, `status`) VALUES
(1, 1, '2564', 'G1 ไม่ต้องระบุ', 0),
(2, 1, '2564', 'KPI 2.1.2: จำนวนหลักสูตรที่ผ่านเกณฑ์/รับรองมาตรฐานระดับชาติ/นานาชาติ', 1),
(3, 1, '2564', 'SKPI 1.1 จำนวนหลักสูตรนานาชาติ', 0),
(4, 1, '2564', 'SKPI 1.2 จำนวนหลักสูตรที่มีความร่วมมือกับต่างประเทศ', 0),
(5, 1, '2564', 'SKPI 1.4 จำนวนหลักสูตรที่ได้รับการรับรองโดยองค์กรระดับนานาชาติ', 0),
(6, 1, '2564', 'KPI 1.1.1: จํานวนหลักสูตรที่ทําสัญญาความร่วมมือกับสถาบันต่างประเทศ/จํานวนหลักสูตรที่พัฒนาเป็น หลักสูตรนานาชาติ', 1),
(7, 1, '2564', 'KPI 1.1.3: ร้อยละของสัดส่วนเวลาสอนของผู้สอนประจําชาวต่างประเทศเพิ่มขึ้น', 1),
(8, 1, '2564', 'KPI 1.10: ร้อยละของผู้สําเร็จการศึกษา จบการศึกษาตามมาตรฐานหลักสูตร', 1),
(9, 1, '2564', 'KPI 1.13: ร้อยละของผู้สําเร็จการศึกษาที่จบการศึกษาตามหลักสูตรภายในระยะเวลาที่กําหนด', 1),
(10, 2, '2564', 'KPI 1.1.2: จำนวนรายวิชาที่มีการปรับเปลี่ยน กระบวนการเรียนการสอน ที่สร้างประสบการณ์การเรียนรู้ รูปแบบใหม่  (Non Traditional Learning Approach) ซึ่งยกระดับการเรียนรู้อย่างชัดเจน', 1),
(11, 2, '2564', 'SKPI 2.2: จำนวนรายวิชาที่ใช้ active learning class room/smart class room', 1),
(12, 2, '2564', 'KPI 1.2.1: จํานวนคนที่ลงทะเบียนเรียนในรายวิชาที่เปิดบริการแก่ประชาชนทั่วไป', 1),
(13, 2, '2564', 'KPI 1.2.2: จํานวนคนที่เข้าถึงแหล่งเรียนรู้ที่จัดในรูปแบบการเรียนรู้ตลอดชีวิต', 1),
(14, 2, '2564', 'KPI 1.2.3: จํานวนรายวิชาที่เปิดให้ประชาชนทั่วไปเข้ามาศึกษาได้', 1),
(15, 3, '2564', 'SKPI 3.1: ร้อยละความสำเร็จในการพัฒนาศักยภาพของนิสิตตามเป้าประสงค์', 1),
(16, 3, '2564', 'SKPI 3.2 ร้อยละความพึงพอใจของผู้ใช้บัณฑิต', 0),
(17, 3, '2564', 'KPI 1.4 : ค่าเฉลี่ยคะแนนความพึงพอใจของนายจ้างที่มีต่อผู้สําเร็จการศึกษา (ข้อมูลตอบ SDA)', 1),
(18, 3, '2564', 'KPI 1.5 : ร้อยละผู้สําเร็จการศึกษาระดับอุดมศึกษาที่ได้งานทํา ศึกษาต่อ หรือประกอบอาชีพอิสระภายในระยะเวลา 1 ปี (ข้อมูลตอบ SDA)', 1),
(19, 3, '2564', 'KPI 1.3.1: การสร้างคุณลักษณะ ทัศนคติ และทักษะที่สําคัญสําหรับการเป็นผู้นําแห่งศตวรรษที่ 21 (Analytical Skill, Critical Skill, Communication Skill, IT Skill) (ข้อมูลตอบ SDA)', 1),
(20, 3, '2564', 'KPI 1.3.3: จํานวนนิสิตที่สนใจเสริมสร้างสมรรถนะผ่าน GenEd ที่ออกแบบใหม่เพื่อยกระดับคุณสมบัติ ความเป็นพลเมืองที่มีคุณค่าของประเทศและโลก (ข้อมูลตอบ SDA)', 1),
(21, 4, '2564', 'KPI 1.3 ปริมาณงานซึ่งแสดงถึงการร่วมสร้างสังคมแห่งการเรียนรู้และการสร้างสังคมอุดมปัญญา', 1),
(22, 4, '2564', 'KPI 4.2.1 จำนวนนิสิตระดับดุษฎีบัณฑิตที่ได้รับทุนการศึกษาจากมหาวิทยาลัย ', 1),
(23, 4, '2564', 'SKPI 4.1 จำนวนรางวัลของนิสิตและบุคลากรที่ได้รับในระดับชาติและนานาชาติ', 1),
(24, 4, '2564', 'SKPI 4.2 จำนวนนิสิตแลกเปลี่ยน (inbound-outbound)', 1),
(25, 4, '2564', 'SKPI 4.3 จำนวนนิสิตระดับดุษฎีบัณฑิต', 1),
(26, 4, '2564', 'SKPI 4.4 จำนวนนิสิตระดับบัณฑิตศึกษา', 1),
(27, 4, '2564', 'SKPI 4.5 จำนวนนิสิตที่เข้าร่วมการแข่งขันระดับชาติและนานาชาติ', 1),
(28, 4, '2564', 'SKPI 4.6 จำนวนนิสิตที่ไปเสนอผลงานในระดับชาติและนานาชาติ', 1),
(29, 4, '2564', 'KPI 1.6 : ร้อยละผู้สําเร็จการศึกษาระดับอุดมศึกษาที่สามารถสร้างงานและ/หรือประกอบอาชีพอิสระ', 1),
(30, 4, '2564', 'KPI 1.7: จํานวนผู้สําเร็จการศึกษา', 1),
(31, 4, '2564', 'KPI 1.8: จํานวนนิสิตที่เข้าใหม่', 1),
(32, 4, '2564', 'KPI 1.9: จํานวนนิสิตคงอยู่', 1),
(33, 5, '2564', 'SKPI 5.1 ร้อยละการมีส่วนร่วมสนับสนุนการพัฒนาบุคลากรส่งเสริมสุขภาวะและสุขภาพที่ดี', 1),
(34, 5, '2564', 'SKPI 5.3 การมีส่วนร่วมในโครงการห้องปฏิบัติการปลอดภัย', 1),
(35, 5, '2564', 'SKPI 5.2 จำนวนทุนสนับสนุนการศึกษา', 1),
(36, 5, '2564', 'KPI 4.1 : จํานวนคนที่เข้าร่วมกิจกรรมด้านศิลปวัฒนธรรมที่มหาวิทยาลัยจัดขึ้น (ข้อมูลตอบ SDA)', 1),
(37, 5, '2564', 'KPI 4.2: จํานวนโครงการเพื่อสืบทอดศิลปวัฒนธรรม (ข้อมูลตอบ SDA)', 1),
(38, 5, '2564', 'KPI 4.3 : ร้อยละโครงการศิลปวัฒนธรรมที่แล้วเสร็จตามระยะเวลาที่กําหนด (ข้อมูลตอบ SDA)', 1),
(39, 5, '2564', 'KPI 4.4: ค่าใช้จ่ายการผลิตด้านศิลปวัฒนธรรมตามงบประมาณที่ได้รับจัดสรร (ข้อมูลตอบ SDA)', 1),
(40, 6, '2564', 'KPI 4.2.2 จำนวนบุคลากรสายวิชาการ และบุคลากรสายวิชาการชาวต่างชาติที่ได้รับทุนเพื่อไปทำงานวิชาการและ/หรือวิจัยในต่างแดนระหว่างกัน', 1),
(41, 6, '2564', 'SKPI 6.1 มูลค่ารวมของทุนและการสนับสนุนจากแหล่งทุนภายนอก', 0),
(42, 6, '2564', 'SKPI 6.3 จำนวนอาจารย์/นักวิจัยและอาจารย์/นักวิจัยต่างชาติที่ไปทำงานวิชาการและ/หรือวิจัยต่างแดนระหว่างกัน (inbound – outbound)', 1),
(43, 6, '2564', 'SKPI 6.4 จำนวนโครงการวิจัยสายปฏิบัติการ', 1),
(44, 6, '2564', 'SKPI 6.2 จำนวนบุคลากรสายปฏิบัติการที่ทำวิจัย', 1),
(45, 6, '2564', 'SKPI 6.3 จำนวนบุคลากรสายวิชาการที่ทำวิจัย', 0),
(46, 6, '2564', 'KPI 2.7: ร้อยละของจํานวนบุคลากรวิจัย เทคโนโลยี และนวัตกรรมที่มีส่วนร่วมในการพัฒนานวัตกรรม ผลิตภัณฑ์ นโยบายนวัตกรรมให้แก่หน่วยงานภาครัฐและเอกชน (ข้อมูลตอบ SDA)', 1),
(47, 7, '2564', 'G7 ไม่ต้องระบุ', 0),
(48, 7, '2564', 'SKPI 7.1 จำนวนบุคลากรสายวิชาการที่เสนอขอกำหนดตำแหน่งทางวิชาการ', 1),
(49, 7, '2564', 'SKPI 7.2 สัดส่วนจำนวนอาจารย์ที่สามารถรับเป็นที่ปรึกษาวิทยานิพนธ์ (ป. โท และ ป. เอก) ต่อจำนวนอาจารย์ทั้งหมด', 1),
(50, 8, '2564', 'KPI 2.6: มูลค่ารวมของทุนและการสนับสนุนจากแหล่งทุนภายนอก', 1),
(51, 8, '2564', 'SKPI 8.1: จำนวนโครงการวิจัย/บริการวิชาการที่ร่วมกับหน่วยงานภาครัฐ อุตสาหกรรม องค์กร กลุ่มทางสังคมหรือชุมชน', 1),
(52, 8, '2564', 'SKPI 8.2: จำนวนการบริการวิชาการ (KPI 3.1: จํานวนการบริการวิชาการที่ครอบคลุมทุกกลุ่มสาขาวิชาชี้นําและขับเคลื่อนการพัฒนาสังคมไทยและสังคม โลก (ข้อมูลตอบ SDA))', 1),
(53, 8, '2564', 'KPI 2.5: จํานวนผลงานวิจัยและงานสร้างสรรค์ที่ขอยื่นหรือจดทะเบียนสิทธิบัตรหรืออนุสิทธิบัตร (ข้อมูลตอบ SDA)', 1),
(54, 8, '2564', 'KPI 2.6: ร้อยละของโครงการวิจัยที่ไม่แล้วเสร็จภายในระยะเวลาที่กําหนดและมีค่าใช้จ่ายจากการไม่แล้วเสร็จตาม ระยะเวลา (ข้อมูลตอบ SDA)', 1),
(55, 8, '2564', 'KPI 2.8: ค่าใช้จ่ายของการวิจัยทั้งเงินงบประมาณที่ได้รับจัดสรรและเงินนอกงบประมาณ (ข้อมูลตอบ SDA)', 1),
(56, 8, '2564', 'KPI 3.4: ร้อยละความพึงพอใจของผู้รับบริการในกระบวนการให้บริการ (ข้อมูลตอบ SDA)', 1),
(57, 8, '2564', 'KPI 3.5: ร้อยละของงานบริการวิชาการที่แล้วเสร็จตามระยะเวลาที่กําหนด (ข้อมูลตอบ SDA)', 1),
(58, 8, '2564', 'KPI 3.6: ค่าใช้จ่ายการผลิตของการบริการวิชาการตามงบประมาณที่ได้รับจัดสรร (ข้อมูลตอบ SDA)', 1),
(59, 9, '2564', 'KPI 2.2.2 ผลงานวิจัยที่ได้รับการตีพิมพ์ในระดับ Tier 1', 1),
(60, 9, '2564', 'SKPI 9.1 จำนวนของผลงานวิจัยที่ได้รับการตีพิมพ์ในฐาน ISI/SCOPUS', 1),
(61, 9, '2564', 'SKPI 9.2 จำนวนผลงานวิจัยที่ได้รับการตีพิมพ์ ในระดับ  Q1 หรือ Q2 ', 1),
(62, 9, '2564', 'KPI 2.2.3 จำนวนการอ้างอิงผลงานวิจัยต่อผลงานวิจัยที่ตีพิมพ์เผยแพร่ในวารสารระดับนานาชาติ (citation per paper) ที่ปรากฏในฐานข้อมูล ISI/SCOPUS/PubMed', 1),
(63, 9, '2564', 'KPI 2.1: ร้อยละของงานวิจัยและงานสร้างสรรค์ที่ตีพิมพ์ เผยแพร่ ในระดับชาติหรือระดับนานาชาติต่อจํานวน อาจารย์ประจําและนักวิจัยประจํา', 1),
(64, 9, '2564', 'KPI 2.4.2: จํานวนครั้งในการอ้างอิง (Citation) ต่อบทความวิจัยที่ได้รับการตีพิมพ์ในระดับนานาชาติใน ระยะเวลา 5 ปี (ข้อมูลตอบ SDA)', 1),
(65, 10, '2564', 'SKPI 10.2 จำนวนโครงการวิจัยข้ามศาสตร์', 1),
(66, 10, '2564', 'SKPI 10.1 จำนวนผลงานตีพิมพ์ข้ามศาสตร์', 1),
(67, 11, '2564', 'G11 ไม่ต้องระบุ', 0),
(68, 11, '2564', 'SKPI 11.3 ร้อยละความพึงพอใจของนิสิตที่รับบริการ', 1),
(69, 11, '2564', 'SKPI 11.1 ประสิทธิภาพการใช้งานโครงสร้างพื้นฐาน', 1),
(70, 12, '2564', 'SDA ร้อยละของตัวชี้วัดตามข้อตกลงการจัดทำผลผลิต (SDA) ที่บรรลุเป้าหมาย', 1),
(71, 12, '2564', 'SKPI 12.1 ร้อยละความพึงพอใจของผู้รับบริการ', 1),
(72, 13, '2564', 'KPI 2.5.1 อัตราผลตอบแทนจากการจัดหาผลประโยชน์จากเงินรายได้', 1),
(73, 13, '2564', 'SKPI 13.2 ร้อยละของเงินทุนคงยอดเงินต้นต่อทุนหมุนเวียน', 1),
(74, 13, '2564', 'SKPI 13.3 รายได้จากการบริหารจัดการทรัพย์สิน', 1),
(75, 13, '2564', 'SKPI 13.4 รายได้จากทรัพย์สินทางปัญญา', 1),
(76, 13, '2564', 'KPI 1.12 ค่าใช้จ่ายการผลิตด้านการผลิตบัณฑิตตามงบประมาณที่ได้รับจัดสรร', 1),
(77, 14, '2564', 'KPI 3.1 จำนวนขององค์กร กลุ่มทางสังคมหรือชุมชนที่ได้รับประโยชน์', 1),
(78, 14, '2564', 'KPI 3.2.1 จำนวนครั้งในการออกอากาศ การสื่อสารความรู้/นวัตกรรมของจุฬาฯ ผ่านช่องทางต่างๆ  ของสื่อสารมวลชน', 1),
(79, 14, '2564', 'SKPI 14.1 จำนวนผลงานวิจัยตีพิมพ์ในวารสารระดับนานาชาติที่มีความร่วมมือกับต่างประเทศและปรากฏในฐานข้อมูล ISI/SCOPUS', 1),
(80, 14, '2564', 'SKPI 14.2 จำนวนข้อตกลงความร่วมมือกับหน่วยงานภายนอก', 1),
(81, 14, '2564', 'KPI 1.11 ร้อยละของความร่วมมือทางวิชาการที่มีการดําเนินการกับต่างประเทศที่มีสถานะการดําเนินการอยู่ในปี ปัจจุบัน (ข้อมูลตอบ SDA)', 1),
(82, 14, '2564', 'KPI 3.2 : จํานวนโครงการที่จะนํามหาวิทยาลัยไปสู่การเชื่อมโยงกับสังคมไทยและเป็นที่ยอมรับในระดับนานาชาติ (ข้อมูลตอบ SDA)', 1),
(83, 14, '2564', 'KPI 3.3 : จํานวนผู้เข้ารับบริการโครงการที่จะนํามหาวิทยาลัยไปสู่การเชื่อมโยงกับสังคมไทยและเป็นที่ยอมรับใน ระดับนานาชาติ (ข้อมูลตอบ SDA)', 1),
(84, 15, '2564', 'KPI 2.2.1 : จำนวนผลงานวิจัย/ผลงานสร้างสรรค์ที่มีการนำไปใช้ประโยชน์ในระดับชาติ/โลก', 1),
(85, 15, '2564', 'SKPI 15.1 จำนวนครั้งของการถ่ายทอดเทคโนโลยี อบรม สัมมนา ประชุมวิชาการ แถลงข่าว ให้คำปรึกษา', 1),
(86, 15, '2564', 'SKPI 15.2 จำนวนผลงานวิจัย/ผลงานสร้างสรรค์ที่มีการนำไปใช้ประโยชน์ในระดับชาติ/โลก', 0),
(87, 15, '2564', 'KPI 2.2: ร้อยละของงานวิจัยและเทคโนโลยีที่ถูกนําไปใช้ประโยชน์ในเชิงพาณิชย์/ประโยชน์ต่อสังคม ชุมชน/ แก้ป็ญหาสําคัญของประเทศ ต่อผลงานทั้งหมด (ข้อมูลตอบ SDA)', 1),
(88, 15, '2564', 'KPI 2.3 : ร้อยละของจํานวนองค์ความรู้ นวัตกรรม ที่หน่วยงานภาครัฐภาคเอกชน สังคม ชุมชน พร้อมนําไปใช้ ประโยชน์ ถ่ายทอดองค์ความรู้ เทคโนโลยี หรือกําหนดเป็นนโยบายในการดําเนินงานขององค์กร ต่อผลงานทั้งหมด (ข้อมูลตอบ SDA)', 1),
(89, 16, '2564', 'KPI 4.1.2 ร้อยละของปริมาณขยะเหลือทิ้งที่ลดลงเทียบกับ Baselin ปี 2560', 1),
(90, 16, '2564', 'SKPI 16.1 จำนวนหน่วยการใช้ไฟฟ้าที่ลดลงของภาควิชา/หลักสูตร และหน่วยงานที่มีรายได้', 1),
(91, 10, '2564', 'KPI 2.2.3 จำนวนการอ้างอิงผลงานวิจัยต่อผลงานวิจัยที่ตีพิมพ์เผยแพร่ในวารสารระดับนานาชาติ (citation per paper)   ที่ปรากฏในฐานข้อมูลISI/SCOPUS/PubMed', 1),
(92, 7, '2564', 'SKPI 6.3 : จำนวนอาจารย์/นักวิจัยและอาจารย์/นักวิจัยต่างชาติที่ไปทำงานวิชาการและ/หรือวิจัยต่างแดนระหว่างกัน (inbound – outbound)', 1),
(93, 7, '2564', 'SKPI 6.4 : จำนวนโครงการวิจัยสายปฏิบัติการ', 1),
(94, 1, '2564', 'KPI 2.1.3 จำนวนหลักสูตรนานาชาติระดับปริญญาตรีที่มีการเพิ่มจำนวนผุ้สอนประจำชาวต่างประเทสเพิ่มขึ้นอย่างน้อยไม่ต่ำกว่า 3 คน/ปี', 1),
(95, 9, '2564', 'KPI 4.2.1 จำนวนนิสิตระดับดุษฎีบัณฑิตที่ได้รับทุนการศึกษาจาก มหาวิทยาลัย', 1),
(96, 11, '2564', ' SDA ร้อยละของตัวชี้วัดตามข้อตกลงการจัดทำผลผลิต (SDA) ที่บรรลุเป้าหมาย', 1);

-- --------------------------------------------------------

--
-- Table structure for table `dept_budget`
--

CREATE TABLE `dept_budget` (
  `id` int(10) NOT NULL,
  `FK_DEPT_PROJECT` int(10) DEFAULT NULL,
  `FK_CORE_CATEGORY` int(10) DEFAULT NULL,
  `FK_CORE_CATEGORY_COST` int(10) DEFAULT NULL,
  `year` varchar(4) DEFAULT NULL COMMENT 'ปีงบประมาณ (ตอนแสดงผลปีให้แสดงเป็น พ.ศ.)',
  `oct` decimal(10,0) DEFAULT NULL COMMENT 'ค่าใช้จ่ายเดือนตุลาคม',
  `nov` decimal(10,0) DEFAULT NULL COMMENT 'ค่าใช้จ่ายเดือนพฤศจิกายน',
  `dec` decimal(10,0) DEFAULT NULL COMMENT 'ค่าใช้จ่ายเดือนธันวาคม',
  `jan` decimal(10,0) DEFAULT NULL COMMENT 'ค่าใช้จ่ายเดือนมกราคม',
  `feb` decimal(10,0) DEFAULT NULL COMMENT 'ค่าใช้จ่ายเดือนกุมภาพันธ์',
  `mar` decimal(10,0) DEFAULT NULL COMMENT 'ค่าใช้จ่ายเดือนมีนาคม',
  `apr` decimal(10,0) DEFAULT NULL COMMENT 'ค่าใช้จ่ายเดือนเมษายน',
  `may` decimal(10,0) DEFAULT NULL COMMENT 'ค่าใช้จ่ายเดือนพฤษภาคม',
  `jun` decimal(10,0) DEFAULT NULL COMMENT 'ค่าใช้จ่ายเดือนมิถุนายน',
  `jul` decimal(10,0) DEFAULT NULL COMMENT 'ค่าใช้จ่ายเดือนกรกฏาคม',
  `aug` decimal(10,0) DEFAULT NULL COMMENT 'ค่าใช้จ่ายเดือนสิงหาคม',
  `sep` decimal(10,0) DEFAULT NULL COMMENT 'ค่าใช้จ่ายเดือนกันยายน'
) ENGINE=InnoDB DEFAULT CHARSET=utf8mb4;

--
-- Dumping data for table `dept_budget`
--

INSERT INTO `dept_budget` (`id`, `FK_DEPT_PROJECT`, `FK_CORE_CATEGORY`, `FK_CORE_CATEGORY_COST`, `year`, `oct`, `nov`, `dec`, `jan`, `feb`, `mar`, `apr`, `may`, `jun`, `jul`, `aug`, `sep`) VALUES
(1, 19, 2, 7, NULL, '1000', NULL, NULL, NULL, NULL, NULL, NULL, NULL, NULL, NULL, NULL, NULL),
(2, 19, 1, 1, NULL, '1000', NULL, NULL, NULL, NULL, NULL, NULL, NULL, NULL, NULL, NULL, NULL),
(33, 27, 2, 7, NULL, '1000', NULL, NULL, NULL, NULL, NULL, NULL, NULL, NULL, NULL, NULL, '200'),
(34, 27, 2, 8, NULL, '2000', NULL, NULL, NULL, NULL, NULL, NULL, NULL, NULL, NULL, NULL, NULL),
(35, 27, 2, 10, NULL, '3000', NULL, NULL, NULL, NULL, NULL, NULL, NULL, NULL, NULL, NULL, NULL),
(36, 23, 2, 7, NULL, '1000', NULL, NULL, NULL, NULL, NULL, NULL, NULL, NULL, NULL, NULL, NULL),
(37, 23, 1, 1, NULL, '1000', NULL, NULL, NULL, NULL, NULL, NULL, NULL, NULL, NULL, NULL, NULL),
(38, 21, 2, 10, '', '1000', NULL, NULL, NULL, NULL, NULL, NULL, NULL, NULL, NULL, NULL, NULL),
(61, 22, 2, 7, NULL, '1000', NULL, NULL, NULL, NULL, NULL, NULL, NULL, NULL, NULL, NULL, NULL),
(62, 22, 1, 1, NULL, '1000', NULL, NULL, NULL, NULL, NULL, NULL, NULL, NULL, NULL, NULL, NULL);

-- --------------------------------------------------------

--
-- Table structure for table `dept_budget_file`
--

CREATE TABLE `dept_budget_file` (
  `id` int(10) NOT NULL,
  `FK_DEPT_PROJECT` int(10) DEFAULT NULL,
  `year` varchar(4) DEFAULT NULL,
  `path` varchar(1024) DEFAULT NULL COMMENT 'Path ของไฟล์ที่มีการอัพโหลด',
  `create_time` timestamp NULL DEFAULT CURRENT_TIMESTAMP ON UPDATE CURRENT_TIMESTAMP
) ENGINE=InnoDB DEFAULT CHARSET=utf8mb4;

-- --------------------------------------------------------

--
-- Table structure for table `dept_district`
--

CREATE TABLE `dept_district` (
  `id` int(10) NOT NULL,
  `FK_DEPT_GRADUATE` int(10) DEFAULT NULL,
  `year` varchar(4) DEFAULT NULL COMMENT 'ปีงบประมาณ (ตอนแสดงผลปีให้แสดงเป็น พ.ศ.)',
  `code` varchar(14) DEFAULT NULL COMMENT 'รหัสเขตตามหน้าที่',
  `name` varchar(1024) DEFAULT NULL COMMENT 'ชื่อ',
  `initial` varchar(1024) DEFAULT NULL COMMENT 'ชื่อย่อ',
  `status` int(1) DEFAULT NULL COMMENT 'สถานะข้อมูล 0 = ปิดใช้งาน 1 = เปิดใช้งาน'
) ENGINE=InnoDB DEFAULT CHARSET=utf8mb4;

--
-- Dumping data for table `dept_district`
--

INSERT INTO `dept_district` (`id`, `FK_DEPT_GRADUATE`, `year`, `code`, `name`, `initial`, `status`) VALUES
(68, 17, '2564', '11112300100000', 'ก.การผลิตบัณฑิต วท.', 'ก.การผลิตบัณฑิต วท.', 1),
(69, 18, '2564', '11112300100000', 'ก.การผลิตบัณฑิต วท.', 'ก.การผลิตบัณฑิต วท.', 1),
(70, 19, '2564', '11112300100000', 'ก.การผลิตบัณฑิต วท.', 'ก.การผลิตบัณฑิต วท.', 1),
(71, 21, '2564', '11112300100000', 'ก.การผลิตบัณฑิต วท.', 'ก.การผลิตบัณฑิต วท.', 1),
(72, 22, '2564', '11112300100000', 'ก.การผลิตบัณฑิต วท.', 'ก.การผลิตบัณฑิต วท.', 1),
(73, 23, '2564', '11112300100000', 'ก.การผลิตบัณฑิต วท.', 'ก.การผลิตบัณฑิต วท.', 1),
(74, 24, '2564', '11112300100000', 'ก.การผลิตบัณฑิต วท.', 'ก.การผลิตบัณฑิต วท.', 1),
(75, 25, '2564', '11112300100000', 'ก.การผลิตบัณฑิต วท.', 'ก.การผลิตบัณฑิต วท.', 1),
(76, 26, '2564', '11112300100000', 'ก.การผลิตบัณฑิต วท.', 'ก.การผลิตบัณฑิต วท.', 1),
(77, 27, '2564', '11112300100000', 'ก.การผลิตบัณฑิต วท.', 'ก.การผลิตบัณฑิต วท.', 1),
(78, 28, '2564', '11112300100000', 'ก.การผลิตบัณฑิต วท.', 'ก.การผลิตบัณฑิต วท.', 1),
(79, 29, '2564', '11112300100000', 'ก.การผลิตบัณฑิต วท.', 'ก.การผลิตบัณฑิต วท.', 1),
(80, 30, '2564', '11112300100000', 'ก.การผลิตบัณฑิต วท.', 'ก.การผลิตบัณฑิต วท.', 1),
(81, 31, '2564', '11112300100000', 'ก.การผลิตบัณฑิต วท.', 'ก.การผลิตบัณฑิต วท.', 1),
(82, 32, '2564', '11112300100000', 'ก.การผลิตบัณฑิต วท.', 'ก.การผลิตบัณฑิต วท.', 1),
(83, 33, '2564', '11112300100000', 'ก.การผลิตบัณฑิต วท.', 'ก.การผลิตบัณฑิต วท.', 1),
(84, 34, '2564', '11112300100000', 'ก.การผลิตบัณฑิต วท.', 'ก.การผลิตบัณฑิต วท.', 1),
(85, 35, '2564', '11112300100000', 'ก.การผลิตบัณฑิต วท.', 'ก.การผลิตบัณฑิต วท.', 1),
(86, 36, '2564', '11112300100000', 'ก.การผลิตบัณฑิต วท.', 'ก.การผลิตบัณฑิต วท.', 1),
(87, 37, '2564', '11112300100000', 'ก.การผลิตบัณฑิต วท.', 'ก.การผลิตบัณฑิต วท.', 1),
(88, 38, '2564', '11112300100000', 'ก.การผลิตบัณฑิต วท.', 'ก.การผลิตบัณฑิต วท.', 1),
(89, 39, '2564', '11112300100000', 'ก.การผลิตบัณฑิต วท.', 'ก.การผลิตบัณฑิต วท.', 1),
(90, 40, '2564', '11112300100000', 'ก.การผลิตบัณฑิต วท.', 'ก.การผลิตบัณฑิต วท.', 1),
(91, 41, '2564', '11112300100000', 'ก.การผลิตบัณฑิต วท.', 'ก.การผลิตบัณฑิต วท.', 1),
(92, 42, '2564', '11112300100000', 'ก.การผลิตบัณฑิต วท.', 'ก.การผลิตบัณฑิต วท.', 1),
(93, 43, '2564', '11112300100000', 'ก.การผลิตบัณฑิต วท.', 'ก.การผลิตบัณฑิต วท.', 1),
(94, 44, '2564', '11112300100000', 'ก.การผลิตบัณฑิต วท.', 'ก.การผลิตบัณฑิต วท.', 1),
(95, 45, '2564', '11112300100000', 'ก.การผลิตบัณฑิต วท.', 'ก.การผลิตบัณฑิต วท.', 1),
(96, 46, '2564', '11112300100000', 'ก.การผลิตบัณฑิต วท.', 'ก.การผลิตบัณฑิต วท.', 1),
(97, 47, '2564', '11112300100000', 'ก.การผลิตบัณฑิต วท.', 'ก.การผลิตบัณฑิต วท.', 1),
(98, 48, '2564', '11112300100000', 'ก.การผลิตบัณฑิต วท.', 'ก.การผลิตบัณฑิต วท.', 1),
(99, 49, '2564', '11112300100000', 'ก.การผลิตบัณฑิต วท.', 'ก.การผลิตบัณฑิต วท.', 1),
(100, 50, '2564', '11112300100000', 'ก.การผลิตบัณฑิต วท.', 'ก.การผลิตบัณฑิต วท.', 1),
(101, 51, '2564', '11112300100000', 'ก.การผลิตบัณฑิต วท.', 'ก.การผลิตบัณฑิต วท.', 1),
(102, 52, '2564', '11112300100000', 'ก.การผลิตบัณฑิต วท.', 'ก.การผลิตบัณฑิต วท.', 1),
(103, 53, '2564', '11112300100000', 'ก.การผลิตบัณฑิต วท.', 'ก.การผลิตบัณฑิต วท.', 1),
(104, 54, '2564', '11112300100000', 'ก.การผลิตบัณฑิต วท.', 'ก.การผลิตบัณฑิต วท.', 1),
(105, 55, '2564', '11112300100000', 'ก.การผลิตบัณฑิต วท.', 'ก.การผลิตบัณฑิต วท.', 1),
(106, 56, '2564', '11112300100000', 'ก.การผลิตบัณฑิต วท.', 'ก.การผลิตบัณฑิต วท.', 1),
(107, 57, '2564', '11112300100000', 'ก.การผลิตบัณฑิต วท.', 'ก.การผลิตบัณฑิต วท.', 1),
(108, 58, '2564', '11112300100000', 'ก.การผลิตบัณฑิต วท.', 'ก.การผลิตบัณฑิต วท.', 1),
(109, 59, '2564', '11112300100000', 'ก.การผลิตบัณฑิต วท.', 'ก.การผลิตบัณฑิต วท.', 1),
(110, 60, '2564', '11112300100000', 'ก.การผลิตบัณฑิต วท.', 'ก.การผลิตบัณฑิต วท.', 1),
(111, 61, '2564', '11112300100000', 'ก.การผลิตบัณฑิต วท.', 'ก.การผลิตบัณฑิต วท.', 1),
(112, 62, '2564', '11112300100000', 'ก.การผลิตบัณฑิต วท.', 'ก.การผลิตบัณฑิต วท.', 1),
(113, 63, '2564', '11112300100000', 'ก.การผลิตบัณฑิต วท.', 'ก.การผลิตบัณฑิต วท.', 1),
(114, 64, '2564', '11112300100000', 'ก.การผลิตบัณฑิต วท.', 'ก.การผลิตบัณฑิต วท.', 1),
(115, 65, '2564', '11112300100000', 'ก.การผลิตบัณฑิต วท.', 'ก.การผลิตบัณฑิต วท.', 1),
(116, 66, '2564', '11112300100000', 'ก.การผลิตบัณฑิต วท.', 'ก.การผลิตบัณฑิต วท.', 1),
(117, 67, '2564', '11112300100000', 'ก.การผลิตบัณฑิต วท.', 'ก.การผลิตบัณฑิต วท.', 1),
(118, 68, '2564', '11112300100000', 'ก.การผลิตบัณฑิต วท.', 'ก.การผลิตบัณฑิต วท.', 1),
(119, 69, '2564', '11112300100000', 'ก.การผลิตบัณฑิต วท.', 'ก.การผลิตบัณฑิต วท.', 1),
(120, 70, '2564', '11112300100000', 'ก.การผลิตบัณฑิต วท.', 'ก.การผลิตบัณฑิต วท.', 1),
(121, 71, '2564', '11112300100000', 'ก.การผลิตบัณฑิต วท.', 'ก.การผลิตบัณฑิต วท.', 1),
(122, 72, '2564', '11112300100000', 'ก.การผลิตบัณฑิต วท.', 'ก.การผลิตบัณฑิต วท.', 1),
(123, 73, '2564', '11112300100000', 'ก.การผลิตบัณฑิต วท.', 'ก.การผลิตบัณฑิต วท.', 1),
(124, 74, '2564', '11112300100000', 'ก.การผลิตบัณฑิต วท.', 'ก.การผลิตบัณฑิต วท.', 1),
(125, 75, '2564', '11112300100000', 'ก.การผลิตบัณฑิต วท.', 'ก.การผลิตบัณฑิต วท.', 1),
(126, 76, '2564', '11112300100000', 'ก.การผลิตบัณฑิต วท.', 'ก.การผลิตบัณฑิต วท.', 1),
(127, 77, '2564', '11112300100000', 'ก.การผลิตบัณฑิต วท.', 'ก.การผลิตบัณฑิต วท.', 1),
(128, 78, '2564', '11112300100000', 'ก.การผลิตบัณฑิต วท.', 'ก.การผลิตบัณฑิต วท.', 1),
(129, 79, '2564', '11112300100000', 'ก.การผลิตบัณฑิต วท.', 'ก.การผลิตบัณฑิต วท.', 1),
(130, 80, '2564', '11112300100000', 'ก.การผลิตบัณฑิต วท.', 'ก.การผลิตบัณฑิต วท.', 1),
(131, 81, '2564', '11112300100000', 'ก.การผลิตบัณฑิต วท.', 'ก.การผลิตบัณฑิต วท.', 1),
(132, 17, '2564', '11112300100000', 'ก.การผลิตบัณฑิต วท.', 'ก.การผลิตบัณฑิต วท.', 1),
(133, 2, '2564', '11112300100000', 'ก.การผลิตบัณฑิต วท.', 'ก.การผลิตบัณฑิต วท.', 1),
(134, 20, '2564', '11112300100000', 'ก.การผลิตบัณฑิต วท.', 'ก.การผลิตบัณฑิต วท.', 1);

-- --------------------------------------------------------

--
-- Table structure for table `dept_graduate`
--

CREATE TABLE `dept_graduate` (
  `id` int(10) NOT NULL,
  `FK_CORE_DEPARTMENT` int(10) DEFAULT NULL,
  `year` varchar(4) DEFAULT NULL COMMENT 'ปีงบประมาณ (ตอนแสดงผลปีให้แสดงเป็น พ.ศ.)',
  `code` varchar(10) DEFAULT NULL COMMENT 'รหัสศูนย์ต้นทุน',
  `name` varchar(1024) DEFAULT NULL COMMENT 'ชื่อศูนย์ต้นทุน',
  `initial` varchar(1024) DEFAULT NULL COMMENT 'ชื่อย่อศูนย์ต้นทุน',
  `status` int(1) DEFAULT NULL COMMENT 'สถานะข้อมูล 0 = ปิดใช้งาน 1 = เปิดใช้งาน'
) ENGINE=InnoDB DEFAULT CHARSET=utf8mb4;

--
-- Dumping data for table `dept_graduate`
--

INSERT INTO `dept_graduate` (`id`, `FK_CORE_DEPARTMENT`, `year`, `code`, `name`, `initial`, `status`) VALUES
(1, 1, '2564', '2123010000', 'รายได้-ภาควิชาคณิตศาสตร์และคอมพิวเตอร์ วิทยาศาสตร์', 'ร-ภ.คณิตฯและคอม', 0),
(2, 2, '2564', '2123020000', 'รายได้-ภาควิชาเคมี วิทยาศาสตร์', 'ร-ภ.เคมี วท.', 0),
(3, 3, '2564', '2123030000', 'รายได้-ภาควิชาชีววิทยา วิทยาศาสตร์', 'ร-ภ.ชีววิทยา วท.', 0),
(4, 4, '2564', '2123040000', 'รายได้-ภาควิชาฟิสิกส์ วิทยาศาสตร์', 'ร-ภ.ฟิสิกส์ วท.', 0),
(5, 5, '2564', '2123050000', 'รายได้-ภาควิชาพฤกษศาสตร์ วิทยาศาสตร์', 'ร-ภ.พฤกษศาสตร์', 0),
(6, 6, '2564', '2123060000', 'รายได้-ภาควิชาเคมีเทคนิค วิทยาศาสตร์', 'ร-ภค.เทคนิค วท.', 0),
(7, 7, '2564', '2123070000', 'รายได้-ภาควิชาธรณีวิทยา วิทยาศาสตร์', 'ร-ภ.ธรณีวิทยา วท.', 0),
(8, 8, '2564', '2123080000', 'รายได้-ภาควิชาวิทยาศาสตร์สิ่งแวดล้อม วิทยาศาสตร์', 'ร-ภ.วทสิ่งแวดล้', 0),
(9, 9, '2564', '2123090000', 'รายได้-ภาควิชาวิทยาศาสตร์ทางทะเล วิทยาศาสตร์', 'ร-ภ.วท.ทางทะเล', 0),
(10, 10, '2564', '2123100000', 'รายได้-ภาควิชาชีวเคมี วิทยาศาสตร์', 'ร-ภ.ชีวเคมี วท.', 0),
(11, 11, '2564', '2123110000', 'รายได้-ภาควิชาวัสดุศาสตร์ วิทยาศาสตร์', 'ร-ภ.วัสดุศาสตร์', 0),
(12, 12, '2564', '2123120000', 'รายได้-ภาควิชาจุลชีววิทยา วิทยาศาสตร์', 'ร-ภจช. วท.', 0),
(13, 13, '2564', '2123130000', 'รายได้-ภาควิชาเทคโนโลยีทางภาพและการพิมพ์ วิทยาศาสตร์', 'ร-ภ.วท.เทคโนฯทา', 0),
(14, 14, '2564', '2123140000', 'รายได้-ภาควิชาเทคโนโลยีอาหาร วิทยาศาสตร์', 'ร-ภ.เทคโนฯอาหาร', 0),
(15, 15, '2564', '2123142000', 'รายได้-สาขาวิชาเทคโนโลยีชีวภาพ', 'ร-สว.เทคโนฯชีว', 0),
(16, 16, '2564', '2123144000', 'รายได้-สาชาวิชาปิโตรเคมีและวิทยาศาสตร์พอลิเมอร์', 'ร-สว.ปิโตรฯ-พอ', 0),
(17, 15, '2564', '2230012201', 'วท.บ.เทคโนโลยีชีวภาพ', 'วท.บ.เทคโนฯชีวภาพ', 1),
(18, 16, '2564', '2230031101', 'วท.ม.ปิโตรเคมีและวิทยาศาสตร์พอลิเมอร์(ใน)', 'วท.ม.วิทยฯพอลิฯ(ใน)', 1),
(19, 15, '2564', '2230031102', 'วท.ม.เทคโนโลยีชีวภาพ', 'วท.ม.เทคโนฯชีวภาพ', 1),
(20, 21, '2564', '2230031103', 'วท.ม.วิทยาศาสตร์เพื่ออุตสาหกรรม', 'วท.ม.วิทยาศาสตร์อุตฯ', 1),
(21, 16, '2564', '2230031201', 'วท.ม.ปิโตรเคมีและวิทยาศาสตร์พอลิเมอร์(นอก)', 'วท.ม.วิทยฯพอลิฯ(นอก)', 1),
(22, 16, '2564', '2230051101', 'วท.ด.ปิโตรเคมีและวิทยาศาสตร์พอลิเมอร์', 'วท.ด.ปิโตรเคมี', 1),
(23, 15, '2564', '2230051102', 'วท.ด.เทคโนโลยีชีวภาพ', 'วท.ด.เทคโนฯชีวภาพ', 1),
(24, 20, '2564', '2230051103', 'วท.ด.วิทยาศาสตร์ชีวภาพ', 'วท.ด.วิทยฯชีวภาพ', 1),
(25, 1, '2564', '2230111101', 'วท.บ.คณิตศาสตร์', 'วท.บ.คณิตฯ', 1),
(26, 1, '2564', '2230111102', 'วท.บ.วิทยาการคอมพิวเตอร์', 'วท.บ.วิทยาการคอมฯ', 1),
(27, 1, '2564', '2230131101', 'วท.ม.คณิตศาสตร์', 'วท.ม.คณิตฯ', 1),
(28, 1, '2564', '2230131102', 'วท.ม.คณิตศาสตร์ประยุกต์และวิทยาการคณนา', 'วท.ม. วิทยาการคณนา', 1),
(29, 1, '2564', '2230133201', 'วท.ม.วิทยาการคอมพิวเตอร์และเทคโนโลยีสารสนเทศ (ภาษาอังกฤษ)', 'วท.ม.คอมฯ-สารสนเทศ', 1),
(30, 1, '2564', '2230151101', 'วท.ด.คณิตศาสตร์', 'วท.ด.คณิตฯ', 1),
(31, 1, '2564', '2230151102', 'วท.ด.คณิตศาสตร์ประยุกต์และวิทยาการคณนา', 'วท.ด.วิทยาการคณนา', 1),
(32, 1, '2564', '2230153201', 'วท.ด.วิทยาการคอมพิวเตอร์และเทคโนโลยีสารสนเทศ (ภาษาอังกฤษ)', 'วท.ด.วิทยาการคอมฯ', 1),
(33, 2, '2564', '2230211101', 'วท.บ.เคมี', 'วท.บ.เคมี', 1),
(34, 2, '2564', '2230212201', 'วท.บ.เคมีประยุกต์', 'วท.บ.เคมีประยุกต์', 1),
(35, 2, '2564', '2230231101', 'วท.ม.เคมี', 'วท.ม.เคมี', 1),
(36, 2, '2564', '2230251101', 'วท.ด.เคมี', 'วท.ด.เคมี', 1),
(37, 3, '2564', '2230311101', 'วท.บ.ชีววิทยา', 'วท.บ.ชีววิทยา', 1),
(38, 3, '2564', '2230311102', 'วท.บ.สัตววิทยา', 'วท.บ.สัตววิทยา', 1),
(39, 3, '2564', '2230331101', 'วท.ม.สัตววิทยา', 'วท.ม.สัตววิทยา', 1),
(40, 3, '2564', '2230351101', 'วท.ด.สัตววิทยา', 'วท.ด.สัตววิทยา', 1),
(41, 4, '2564', '2230411101', 'วท.บ.ฟิสิกส์', 'วท.บ.ฟิสิกส์', 1),
(42, 4, '2564', '2230431101', 'วท.ม.ฟิสิกส์', 'วท.ม.ฟิสิกส์', 1),
(43, 4, '2564', '2230451101', 'วท.ด.ฟิสิกส์', 'วท.ด.ฟิสิกส์', 1),
(44, 5, '2564', '2230511101', 'วท.บ.พฤกษศาสตร์', 'วท.บ.พฤกษฯ', 1),
(45, 5, '2564', '2230511102', 'วท.บ.พันธุศาสตร์', 'วท.บ.พันธุฯ', 1),
(46, 5, '2564', '2230531101', 'วท.ม.พฤกษศาสตร์', 'วท.ม.พฤกษฯ', 1),
(47, 5, '2564', '2230531102', 'วท.ม.พันธุศาสตร์', 'วท.ม.พันธุฯ', 1),
(48, 5, '2564', '2230551101', 'วท.ด.พฤกษศาสตร์', 'วท.ด.พฤกษศาสตร์', 1),
(49, 6, '2564', '2230611101', 'วท.บ.เคมีวิศวกรรม', 'วท.บ.เคมีวิศวฯ', 1),
(50, 6, '2564', '2230631101', 'วท.ม.เคมีเทคนิค', 'วท.ม.เคมีเทคนิค', 1),
(51, 6, '2564', '2230631102', 'วท.ม.เทคโนโลยีเชื้อเพลิง', 'วท.ม.เทคโนฯเชื้อเพลิ', 1),
(52, 6, '2564', '2230651101', 'วท.ด.เคมีเทคนิค', 'วท.ด.เคมีเทคนิค', 1),
(53, 7, '2564', '2230711101', 'วท.บ.ธรณีวิทยา', 'วท.บ.ธรณีวิทยา', 1),
(54, 7, '2564', '2230731101', 'วท.ม.ธรณีวิทยา', 'วท.ม.ธรณีวิทยา', 1),
(55, 7, '2564', '2230731102', 'วท.ม.โลกศาสตร์', 'วท.ม.โลกฯ', 1),
(56, 19, '2564', '2230732201', 'วท.ม.ธรณีศาสตร์ปิโตรเลียม', 'วท.ม.ธรณีศาสตรปิโตรฯ', 1),
(57, 7, '2564', '2230751101', 'วท.ด.ธรณีวิทยา', 'วท.ด.ธรณีวิทยา', 1),
(58, 8, '2564', '2230811101', 'วท.บ.วิทยาศาสตร์สิ่งแวดล้อม', 'วท.บ.วิทยฯสิ่งแวดล้อ', 1),
(59, 8, '2564', '2230831101', 'วท.ม.พิษวิทยาอุตสาหกรรมและประเมินความเสี่ยง', 'วท.ม.พิษวิทยาฯ', 1),
(60, 8, '2564', '2230851101', 'วท.ด.พิษวิทยาอุตสาหกรรมและประเมินความเสี่ยง', 'วท.ด.พิษวิทยาฯ', 1),
(61, 9, '2564', '2230911101', 'วท.บ.วิทยาศาสตร์ทางทะเล', 'วท.บ.วิทยฯทางทะเล', 1),
(62, 9, '2564', '2230931101', 'วท.ม.วิทยาศาสตร์ทางทะเล', 'วท.ม.วิทยฯทางทะเล', 1),
(63, 9, '2564', '2230951101', 'วท.ด.วิทยาศาสตร์ทางทะเล', 'วท.ด.วิทยฯทางทะเล', 1),
(64, 10, '2564', '2231011101', 'วท.บ.ชีวเคมี', 'วท.บ.ชีวเคมี', 1),
(65, 10, '2564', '2231031101', 'วท.ม.ชีวเคมีและชีววิทยาโมเลกุล', 'วท.ม.ชีวเคมี', 1),
(66, 10, '2564', '2231051101', 'วท.ด.ชีวเคมีและชีววิทยาโมเลกุล', 'วท.ด.ชีวเคมี', 1),
(67, 11, '2564', '2231111101', 'วท.บ.วัสดุศาสตร์', 'วท.บ.วัสดุฯ', 1),
(68, 11, '2564', '2231131101', 'วท.ม.เทคโนโลยีเซรามิก', 'วท.ม.เทคโนฯเซรามิก', 1),
(69, 11, '2564', '2231131102', 'วท.ม.พอลิเมอร์ประยุกต์-เทคโนฯสิ่งทอ', 'วท.ม.พอลิเมอร์ประยุก', 1),
(70, 11, '2564', '2231151101', 'วท.ด.วัสดุศาสตร์', 'วท.ด.วัสดุฯ', 1),
(71, 12, '2564', '2231211101', 'วท.บ.จุลชีววิทยา', 'วท.บ.จุลชีววิทยา', 1),
(72, 12, '2564', '2231231101', 'วท.ม.จุลชีววิทยาและเทคโนโลยีจุลินทรีย์', 'วท.ม.จุลวิทยาทางและเทคโนโลยีจุลินทรีย์', 1),
(73, 12, '2564', '2231251101', 'วท.ด.จุลชีววิทยาและเทคโนโลยีจุลินทรีย์', 'วท.ด.จุลชีววิทยา', 1),
(74, 13, '2564', '2231311101', 'วท.บ.เทคโนโลยีทางภาพและการพิมพ์', 'วท.บ.เทคโนโลยีทางภาพและการพิมพ์', 1),
(75, 18, '2564', '2231331101', 'วท.ม.เทคโนโลยีเยื่อและกระดาษ', 'วท.ม.เทคโนฯกระดาษ', 1),
(76, 13, '2564', '2231331102', 'วท.ม.เทคโนโลยีทางภาพ', 'วท.ม.เทคโนฯทางภาพ', 1),
(77, 13, '2564', '2231351101', 'วท.ด.เทคโนโลยีทางภาพ', 'วท.ด.เทคโนฯทางภาพ', 1),
(78, 14, '2564', '2231411101', 'วท.บ.เทคโนโลยีทางอาหาร', 'วท.บ.เทคโนฯทางอาหาร', 1),
(79, 14, '2564', '2231431101', 'วท.ม.เทคโนโลยีทางอาหาร', 'วท.ม.เทคโนฯทางอาหาร', 1),
(80, 14, '2564', '2231432201', 'วท.ม.วิทยาศาสตร์และเทคโนโลยีทางอาหาร (นานาชาติ)', 'วท.ม.วิทยฯทางอาหาร', 1),
(81, 14, '2564', '2231451101', 'วท.ด.เทคโนโลยีทางอาหาร', 'วท.ด.เทคโนฯทางอาหาร', 1);

-- --------------------------------------------------------

--
-- Table structure for table `dept_project`
--

CREATE TABLE `dept_project` (
  `id` int(10) NOT NULL,
  `FK_DEPT_GRADUATE` int(10) DEFAULT NULL,
  `FK_DEPT_DISTRICT` int(10) DEFAULT NULL,
  `FK_CORE_DEPARTMENT` int(10) DEFAULT NULL,
  `FK_CORE_MISSION` int(10) DEFAULT NULL,
  `STRATEGY` longtext CHARACTER SET utf8mb4 COLLATE utf8mb4_bin COMMENT 'ข้อมูลยุทธศาสตร์/เป้าประสงค์/KPI',
  `year` varchar(4) DEFAULT NULL COMMENT 'ปีงบประมาณ (ตอนแสดงผลปีให้แสดงเป็น พ.ศ.)',
  `name` varchar(1024) DEFAULT NULL COMMENT 'ชื่อโครงการ',
  `objective` varchar(1024) DEFAULT NULL COMMENT 'วัตถุประสงค์โครงการ',
  `type` int(1) DEFAULT NULL COMMENT 'สถานะข้อมูล 0 = ยุทธศาสตร์ 1 = งานประจำ',
  `date_start` date DEFAULT NULL COMMENT 'วัน/เดือน/ปี ที่เริ่มโครงการ',
  `date_end` date DEFAULT NULL COMMENT 'วัน/เดือน/ปี ที่สิ้นสุดโครงการ',
  `addition` longtext CHARACTER SET utf8mb4 COLLATE utf8mb4_bin COMMENT 'รายละเอียดเพิ่มเติมโครงการ',
  `status` int(1) DEFAULT NULL COMMENT 'สถานะโครงการ 0 = ยังไม่สมบูรณ์ 1 = รอการอนุมัติ 2 = อนุมัติแล้ว',
  `log` longtext CHARACTER SET utf8mb4 COLLATE utf8mb4_bin COMMENT 'บันทึกการสร้าง/แก้ไข โครงการ',
  `trash` longtext
) ENGINE=InnoDB DEFAULT CHARSET=utf8mb4;

--
-- Dumping data for table `dept_project`
--

INSERT INTO `dept_project` (`id`, `FK_DEPT_GRADUATE`, `FK_DEPT_DISTRICT`, `FK_CORE_DEPARTMENT`, `FK_CORE_MISSION`, `STRATEGY`, `year`, `name`, `objective`, `type`, `date_start`, `date_end`, `addition`, `status`, `log`, `trash`) VALUES
(17, 38, 88, 3, 5, '[{\"id\":0,\"Strategy_department\":1,\"goal_department\":2,\"KPI_department\":4}]', '2565', 'โครงการสัมมนาภาควิชา/หลักสูตรเพื่อพัฒนาหลักสูตรและการจัดการศึกษา', '', 0, '2020-10-02', '2020-10-30', '[{\"id\":0,\"fieldtext\":\"ฟฟ\",\"fieldtextarea\":\"ฟฟ\"}]', 0, NULL, '[[],[],[]]'),
(19, 25, 75, 1, 2, '[{\"id\":0,\"Strategy_department\":1,\"goal_department\":2,\"KPI_department\":4}]', '2564', 'ต้นแบบชื่อโครงการ 2-1', 'aa', 0, '2020-10-01', '2020-10-30', '[]', 0, NULL, '[[{\"positive\":1,\"id_Capital_components\":\"5031020201 ค่าตอบแทนช่วยราชการอื่น\",\"Cost_component_category\":\"หมวดค่าตอบแทน\",\"charges\":1000,\"Monthexp\":{}}],[{\"positive\":1,\"id_Capital_components\":\"5011010111 เงินเดือนพนักงานมหาวิทยาลัย\",\"Cost_component_category\":\"หมวดงบบุคลากร\",\"charges\":1000,\"Monthexp\":{}}],[{\"positive\":1,\"id\":\"a\",\"name\":\"c\",\"index\":\"5\",\"code\":\"d\",\"price\":\"1000\",\"sumtotal\":5000,\"Monthexp\":{}}]]'),
(21, 26, 76, 1, 2, '[{\"id\":0,\"Strategy_department\":1,\"goal_department\":2,\"KPI_department\":4}]', '2564', 'ต้นแบบชื่อโครงการ 2-1', 'aa', 0, '2020-09-30', '2020-10-28', '[]', 1, NULL, '[]'),
(22, 2, 133, 2, 2, '[{\"id\":0,\"Strategy_department\":1,\"goal_department\":2,\"KPI_department\":4}]', '2565', 'ต้นแบบชื่อโครงการ 2-1', 'a', 0, '2020-10-09', '2020-10-28', '[]', 0, NULL, '[]'),
(23, 25, 75, 1, 1, '[{\"id\":0,\"Strategy_department\":1,\"goal_department\":1,\"KPI_department\":2}]', '2564', 'ต้นแบบชื่อโครงการ 1-1', '', 0, '2020-09-30', '2020-10-29', '[]', 1, NULL, '[]'),
(24, 2, 133, 2, 1, '[{\"id\":0,\"Strategy_department\":2,\"goal_department\":8,\"KPI_department\":41}]', '2565', 'โครงการจัดการศึกษาภาคฤดูร้อน', '', 0, '2020-09-30', '2020-10-28', '[]', 0, NULL, '[]'),
(26, 2, 133, 2, 2, '[{\"id\":0,\"Strategy_department\":1,\"goal_department\":1,\"KPI_department\":1}]', '2564', 'ต้นแบบชื่อโครงการ 2-2', '', 0, '2020-09-30', '2020-12-10', '[]', 1, NULL, '[]'),
(27, 2, 133, 2, 1, '[{\"id\":0,\"Strategy_department\":1,\"goal_department\":1,\"KPI_department\":2}]', '2565', 'โครงการบริหารจัดการหลักสูตรและการจัดการศึกษาระดับปริญญาบัณฑิต', '', 0, '2020-09-30', '2020-12-09', '[]', 1, NULL, '[]');

-- --------------------------------------------------------

--
-- Table structure for table `dept_project_name`
--

CREATE TABLE `dept_project_name` (
  `id` int(10) NOT NULL,
  `FK_CORE_MISSION` int(10) DEFAULT NULL,
  `year` varchar(4) DEFAULT NULL COMMENT 'ปีงบประมาณ (ตอนแสดงผลปีให้แสดงเป็น พ.ศ.)',
  `name` varchar(1024) DEFAULT NULL COMMENT 'ชื่อตัวอย่างโครงการ',
  `status` int(1) DEFAULT NULL COMMENT 'สถานะข้อมูล 0 = ปิดใช้งาน 1 = เปิดใช้งาน'
) ENGINE=InnoDB DEFAULT CHARSET=utf8mb4;

--
-- Dumping data for table `dept_project_name`
--

INSERT INTO `dept_project_name` (`id`, `FK_CORE_MISSION`, `year`, `name`, `status`) VALUES
(1, 1, '2564', 'ต้นแบบชื่อโครงการ 1-1', 0),
(2, 1, '2564', 'ต้นแบบชื่อโครงการ 1-2', 0),
(3, 1, '2564', 'ต้นแบบชื่อโครงการ 1-3', 0),
(4, 1, '2564', 'โครงการจัดการศึกษาภาคฤดูร้อน', 1),
(5, 1, '2564', 'โครงการบริหารจัดการหลักสูตรและการจัดการศึกษาระดับปริญญาบัณฑิต', 0),
(6, 1, '2564', 'โครงการบริหารจัดการหลักสูตรและการจัดการศึกษา', 1),
(7, 1, '2564', 'โครงการจัดหาครุภัณฑ์เพื่อการจัดการศึกษาระดับปริญญาบัณฑิต', 0),
(8, 1, '2564', 'โครงการจัดหาครุภัณฑ์เพื่อการจัดการศึกษาระดับบัณฑิตศึกษา', 0),
(9, 1, '2564', 'โครงการซ่อมบำรุงครุภัณฑ์และระบบกายภาพเพื่อผลิตบัณฑิต', 1),
(10, 1, '2564', 'โครงการปรับปรุงระบบกายภาพเพื่อสนับสนุนการจัดการศึกษา', 1),
(11, 1, '2564', 'โครงการบริหารจัดการหลักสูตรและการจัดการศึกษาระดับดุษฎีบัณฑิต', 0),
(12, 1, '2564', 'โครงการบริหารจัดการหลักสูตรและการจัดการศึกษาระดับมหาบัณฑิต', 0),
(13, 2, '2564', 'ต้นแบบชื่อโครงการ 2-1', 0),
(14, 2, '2564', 'ต้นแบบชื่อโครงการ 2-2', 0),
(15, 4, '2564', 'โครงการจัดหาครุภัณฑ์เพื่อรองรับการวิจัยที่มีประสิทธภาพที่ทันสมัย', 0),
(16, 4, '2564', 'โครงการซ่อมบำรุงครุภัณฑ์และระบบกายภาพเพื่อรองรับการวิจัยที่มีประสิทธิภาพและทันสมัย', 1),
(17, 4, '2564', 'โครงการปรับปรุงระบบกายภาพเพื่อรองรับการวิจัย', 1),
(18, 5, '2564', 'โครงการสัมมนาภาควิชา/หลักสูตรเพื่อพัฒนาหลักสูตรและการจัดการศึกษา', 1),
(19, 4, '2564', 'โครงการจัดหาครุภัณฑ์เพื่อการวิจัย', 1),
(20, 1, '2564', 'โครงการจัดหาครุภัณฑ์เพื่อการเรียนการสอน', 1),
(21, 4, '2564', 'โครงการยกระดับมาตรฐานความปลอดภัยห้องปฏิบัติการวิจัย คณะวิทยาศาสตร์ จุฬาลงกรณ์มหาวิทยาลัย', 1);

-- --------------------------------------------------------

--
-- Table structure for table `dept_resource`
--

CREATE TABLE `dept_resource` (
  `id` int(11) NOT NULL,
  `FK_DEPT_PROJECT` int(11) DEFAULT NULL,
  `year` varchar(4) DEFAULT NULL COMMENT 'ปีงบประมาณ (ตอนแสดงผลปีให้แสดงเป็น พ.ศ.)',
  `name` varchar(1024) DEFAULT NULL COMMENT 'ชื่อครุภัณฑ์',
  `initial` varchar(1024) DEFAULT NULL COMMENT 'ชื่อย่อครุภัณฑ์',
  `amount` int(10) DEFAULT NULL COMMENT 'จำนวนครุภัณฑ์',
  `unit` varchar(1024) DEFAULT NULL COMMENT 'หน่วยนับครุภัณฑ์',
  `price` decimal(10,0) DEFAULT NULL COMMENT 'ราคาต่อหน่วยครุภัณฑ์',
  `oct` varchar(50) DEFAULT NULL COMMENT 'นิยามการกำหนดแผนการจัดซื้อจัดจ้างเดือนตุลาคม  a = เริ่มกระบวนการจัดซื้อจัดจ้าง  -	b = กำหนดลงนามในสัญญาการจัดซื้อจัดจ้าง  -	c = กำหนดการชำระเงิน',
  `nov` varchar(50) DEFAULT NULL COMMENT 'นิยามการกำหนดแผนการจัดซื้อจัดจ้างเดือนพฤศจิกายน',
  `dec` varchar(50) DEFAULT NULL COMMENT 'นิยามการกำหนดแผนการจัดซื้อจัดจ้างเดือนธันวาคม',
  `jan` varchar(50) DEFAULT NULL COMMENT 'นิยามการกำหนดแผนการจัดซื้อจัดจ้างเดือนมกราคม',
  `feb` varchar(50) DEFAULT NULL COMMENT 'นิยามการกำหนดแผนการจัดซื้อจัดจ้างเดือนกุมภาพันธ์',
  `mar` varchar(50) DEFAULT NULL COMMENT 'นิยามการกำหนดแผนการจัดซื้อจัดจ้างเดือนมีนาคม',
  `apr` varchar(50) DEFAULT NULL COMMENT 'นิยามการกำหนดแผนการจัดซื้อจัดจ้างเดือนเมษายน',
  `may` varchar(50) DEFAULT NULL COMMENT 'นิยามการกำหนดแผนการจัดซื้อจัดจ้างเดือนพฤษภาคม',
  `jun` varchar(50) DEFAULT NULL COMMENT 'นิยามการกำหนดแผนการจัดซื้อจัดจ้างเดือนมิถุนายน',
  `jul` varchar(50) DEFAULT NULL COMMENT 'นิยามการกำหนดแผนการจัดซื้อจัดจ้างเดือนกรกฏาคม',
  `aug` varchar(50) DEFAULT NULL COMMENT 'นิยามการกำหนดแผนการจัดซื้อจัดจ้างเดือนสิงหาคม',
  `sep` varchar(50) DEFAULT NULL COMMENT 'นิยามการกำหนดแผนการจัดซื้อจัดจ้างเดือนกันยายน'
) ENGINE=InnoDB DEFAULT CHARSET=utf8mb4;

--
-- Dumping data for table `dept_resource`
--

INSERT INTO `dept_resource` (`id`, `FK_DEPT_PROJECT`, `year`, `name`, `initial`, `amount`, `unit`, `price`, `oct`, `nov`, `dec`, `jan`, `feb`, `mar`, `apr`, `may`, `jun`, `jul`, `aug`, `sep`) VALUES
(1, 19, NULL, 'c', 'b', 5, 'd', '1000', 'ab', NULL, NULL, NULL, NULL, NULL, NULL, NULL, NULL, NULL, NULL, NULL);

-- --------------------------------------------------------

--
-- Table structure for table `dept_strategy_faculty`
--

CREATE TABLE `dept_strategy_faculty` (
  `id` int(10) NOT NULL,
  `year` varchar(4) DEFAULT NULL COMMENT 'ปีงบประมาณ (ตอนแสดงผลปีให้แสดงเป็น พ.ศ.)',
  `detail` varchar(1024) DEFAULT NULL COMMENT 'รายละเอียดยุทธศาสตร์',
  `status` int(1) DEFAULT NULL COMMENT 'สถานะข้อมูล 0 = ปิดใช้งาน 1 = เปิดใช้งาน'
) ENGINE=InnoDB DEFAULT CHARSET=utf8mb4;

--
-- Dumping data for table `dept_strategy_faculty`
--

INSERT INTO `dept_strategy_faculty` (`id`, `year`, `detail`, `status`) VALUES
(1, '2564', 'ยุทธศาสตร์พัฒนาคนดีและคนเก่งสู่สังคม', 1),
(2, '2564', 'ยุทธศาสตร์พัฒนาสังคมไทยสู่สังคมโลกด้วยวิทยาศาสตร์และเทคโนโลยี', 1),
(3, '2564', 'ยุทธศาสตร์พัฒนาองค์ความรู้ด้านวิทยาศาสตร์ และนวัตกรรม', 1);

-- --------------------------------------------------------

--
-- Table structure for table `dept_strategy_goal`
--

CREATE TABLE `dept_strategy_goal` (
  `id` int(10) NOT NULL,
  `FK_DEPT_STRATEGY_FACULTY` int(10) DEFAULT NULL,
  `year` varchar(4) DEFAULT NULL COMMENT 'ปีงบประมาณ (ตอนแสดงผลปีให้แสดงเป็น พ.ศ.)',
  `detail` varchar(1024) DEFAULT NULL COMMENT 'รายละเอียดเป้าประสงค์',
  `status` int(1) DEFAULT NULL COMMENT 'สถานะข้อมูล 0 = ปิดใช้งาน 1 = เปิดใช้งาน'
) ENGINE=InnoDB DEFAULT CHARSET=utf8mb4;

--
-- Dumping data for table `dept_strategy_goal`
--

INSERT INTO `dept_strategy_goal` (`id`, `FK_DEPT_STRATEGY_FACULTY`, `year`, `detail`, `status`) VALUES
(1, 1, '2564', 'G1 หลักสูตรได้รับการยอมรับระดับนานาชาติ', 1),
(2, 1, '2564', 'G2 การเรียนการสอนมีนวัตกรรมที่ส่งเสริมการเรียนรู้ของนิสิต', 1),
(3, 1, '2564', 'G3 บัณฑิต มีความรู้ คิดเป็น ทำเป็น มีทักษะด้านการสื่อสาร (ภาษา IT) มีภาวะผู้นำ มีจิตสาธารณะ และเป็นที่ต้องการของสังคม', 1),
(4, 1, '2564', 'G4 บัณฑิตมีศักยภาพด้านวิทยาศาสตร์-เทคโนโลยี และมีโอกาสได้แสดงศักยภาพทั้งระดับชาติและนานาชาติ', 1),
(5, 1, '2564', 'G5 นิสิตและบุคลากรได้รับการสนับสนุนให้มีความพร้อมด้านต่าง ๆ เพื่อส่งเสริมการเรียนรู้ และสร้างประสบการณ์ชีวิตก่อให้เกิดสุขภาวะและสุขภาพที่ดี', 1),
(6, 1, '2564', 'G6 บุคลากร มีศักยภาพสูงด้านวิจัยทั้งสายวิชาการและสายปฏิบัติการ', 1),
(7, 1, '2564', 'G7 คณะวิทยาศาสตร์มีระบบบริหารทรัพยากรบุคคลที่ส่งเสริมให้เป็นคนดีและคนเก่ง', 1),
(8, 2, '2564', 'G14 สร้างเครือข่ายและความร่วมมือกับศิษย์เก่า หน่วยงานภาครัฐ อุตสาหกรรม ทั้งภายในและภายนอกประเทศ', 1),
(9, 2, '2564', 'G15 ผลงานวิจัยถูกนำไปใช้ประโยชน์ในหน่วยงานภาครัฐ อุตสาหกรรม สังคมและชุมชน', 1),
(10, 2, '2564', 'G16 คณะวิทยาศาสตร์เป็นองค์กรต้นแบบการอนุรักษ์สิ่งแวดล้อมและพลังงาน', 1),
(11, 3, '2564', 'G8 เพิ่มงานวิจัยและงานบริการวิชาการที่ทำร่วมกับหน่วยงานภาครัฐ อุตสาหกรรม สังคมและชุมชน', 1),
(12, 3, '2564', 'G9 ผลงานวิจัยได้รับตีพิมพ์ในวารสาร วิชาการที่มี Impact factor สูง', 1),
(13, 3, '2564', 'G10 เพิ่มงานวิจัยบูรณาการข้ามศาสตร์', 1),
(14, 3, '2564', 'G11 โครงสร้างพื้นฐานรองรับงานวิจัยและการเรียนการสอนที่มีประสิทธิภาพและทันสมัย', 1),
(15, 3, '2564', 'G12 องค์กรที่มีความคล่องตัว ยืดหยุ่น และทันต่อการเปลี่ยนแปลง', 1),
(16, 3, '2564', 'G13 สร้างระบบบริหารทรัพย์สินและเงินทุนอย่างมีประสิทธิภาพเพื่อความมั่นคง และยั่งยืน', 1);

-- --------------------------------------------------------

--
-- Table structure for table `dept_strategy_kpi`
--

CREATE TABLE `dept_strategy_kpi` (
  `id` int(10) NOT NULL,
  `FK_DEPT_STRATEGY_GOAL` int(10) DEFAULT NULL,
  `year` varchar(4) DEFAULT NULL COMMENT 'ปีงบประมาณ (ตอนแสดงผลปีให้แสดงเป็น พ.ศ.)',
  `detail` varchar(1024) DEFAULT NULL COMMENT 'รายละเอียดเป้าประสงค์',
  `status` int(1) DEFAULT NULL COMMENT 'สถานะข้อมูล 0 = ปิดใช้งาน 1 = เปิดใช้งาน'
) ENGINE=InnoDB DEFAULT CHARSET=utf8mb4;

--
-- Dumping data for table `dept_strategy_kpi`
--

INSERT INTO `dept_strategy_kpi` (`id`, `FK_DEPT_STRATEGY_GOAL`, `year`, `detail`, `status`) VALUES
(1, 1, '2564', 'KPI 2.1.3 จำนวนหลักสูตรนานาชาติระดับปริญญาตรีที่มีการเพิ่มจำนวนผู้สอนประจำชาวต่างประเทศ เพิ่มขึ้นอย่างน้อยไม่ต่ำกว่า 3 คน/ปี', 0),
(2, 1, '2564', 'KPI 2.1.2 จำนวนหลักสูตรที่ผ่านเกณฑ์/รับรองมาตรฐานระดับชาติ/นานาชาติ', 0),
(3, 1, '2564', 'G1 ไม่ต้องระบุ', 1),
(4, 2, '2564', 'KPI 1.1.2 จำนวนรายวิชาที่มีการปรับเปลี่ยน กระบวนการเรียนการสอนที่สร้างประสบการณ์การเรียนรู้รูปแบบใหม่ (Nontraditional Learning Approach) ซึ่งยกระดับการเรียนรู้อย่างชัดเจน ', 1),
(5, 3, '2564', 'SKPI 3.1 ร้อยละความสำเร็จในการพัฒนาศักยภาพของนิสิตตามเป้าประสงค์', 1),
(6, 3, '2564', 'SKPI 3.1.1 ร้อยละของโครงการ/กิจกรรมเพื่อพัฒนานิสิตที่ผ่านเกณฑ์การประเมินตามเป้าประสงค์ กำหนดค่าถ่วงน้ำหนักร้อยละ 40', 0),
(7, 3, '2564', 'SKPI 3.1.2 จำนวนโครงการกิจกรรมเพื่อพัฒนานิสิตตามเป้าประสงค์', 0),
(8, 3, '2564', 'SKPI 3.1.3 จำนวนนิสิตที่เข้าโครงการ/ร่วมกิจกรรมเพื่อพัฒนานิสิต', 0),
(9, 3, '2564', 'SKPI 3.1.4 จำนวนคณาจารย์ที่เข้าโครงการ/ร่วมกิจกรรมเพื่อพัฒนานิสิต', 0),
(10, 10, '2564', 'KPI 4.1.2 ร้อยละของปริมาณขยะเหลือทิ้งที่ลดลงเทียบกับ Baselin ปี 2560', 0),
(11, 10, '2564', '*SKPI 16.1 หน่วยการใช้ไฟฟ้าที่ลดลงของภาควิชา/หลักสูตร และหน่วยงานที่หารายได้ (เทียบจากปี 2559)', 0),
(12, 10, '2564', 'G16 ไม่ต้องระบุ', 1),
(13, 11, '2564', '*SKPI 8.1 จำนวนโครงการวิจัย/บริการวิชาการที่ร่วมกับหน่วยงานภาครัฐ อุตสาหกรรม องค์กร กลุ่มทางสังคมหรือชุมชน', 0),
(14, 11, '2564', 'KPI 2.6 มูลค่ารวมของทุนและการสนับสนุนจากแหล่งทุนภายนอก', 1),
(15, 11, '2564', 'G8 ไม่ต้องระบุ', 0),
(16, 12, '2564', 'KPI 2.2.2 ผลงานวิจัยที่ได้รับการตีพิมพ์ในระดับ Tier 1', 0),
(17, 12, '2564', 'KPI 2.2.3 จำนวนการอ้างอิงผลงานวิจัยต่อผลงานวิจัยที่ตีพิมพ์เผยแพร่ในวารสารระดับนานาชาติ  (citation per paper) ที่ปรากฏในฐานข้อมูล ISI/SCOPUS/PubMed', 0),
(18, 12, '2564', 'SKPI 9.1 จำนวนของผลงานวิจัยที่ได้รับการตีพิมพ์ในฐาน ISI/SCOPUS', 1),
(19, 12, '2564', 'SKPI 9.2  จำนวนผลงานวิจัยที่ได้รับการตีพิมพ์ ในระดับ  Q1 หรือ Q2', 1),
(20, 13, '2564', '*SKPI 10.2 จำนวนโครงการวิจัย (ข้ามศาสตร์)', 0),
(21, 13, '2564', 'KPI 2.2.3 จำนวนการอ้างอิงผลงานวิจัยต่อผลงานวิจัยที่ตีพิมพ์เผยแพร่ในวารสารระดับนานาชาติ (citation per paper)   ที่ปรากฏในฐานข้อมูลISI/SCOPUS/PubMed', 0),
(22, 13, '2564', 'G10 ไม่ต้องระบุ', 1),
(23, 14, '2564', '*SKPI 11.3 ร้อยละความพึงพอใจของนิสิตที่รับบริการฝ่ายต่าง ๆ', 0),
(24, 14, '2564', 'G11 ไม่ต้องระบุ', 1),
(25, 15, '2564', '*SKPI 12.1 ร้อยละความพึงพอใจของผู้รับบริการฝ่ายต่าง ๆ', 0),
(26, 15, '2564', 'G12 ไม่ต้องระบุ', 1),
(27, 16, '2564', 'KPI 2.5.1 อัตราผลตอบแทนจากการจัดหาผลประโยชน์จากเงินรายได้', 1),
(28, 4, '2564', 'KPI 1.3 ปริมาณงานซึ่งแสดงถึงการร่วมสร้างสังคมแห่งการเรียนรู้และการสร้างสังคมอุดมปัญญา', 1),
(29, 4, '2564', 'SKPI 4.1 จำนวนรางวัลของนิสิตและบุคลากรที่ได้รับในระดับชาติและนานาชาติ', 1),
(30, 4, '2564', 'SKPI 4.2 จำนวนนิสิตแลกเปลี่ยน (inbound-outbound)', 1),
(31, 4, '2564', 'SKPI 4.3 จำนวนนิสิตระดับดุษฎีบัณฑิต', 1),
(32, 4, '2564', 'SKPI 4.4 จำนวนนิสิตระดับบัณฑิตศึกษา', 1),
(33, 5, '2564', 'SKPI 5.1 ร้อยละการมีส่วนร่วมสนับสนุนการพัฒนาบุคลากรส่งเสริมสุขภาวะและสุขภาพที่ดี', 1),
(34, 5, '2564', 'SKPI 5.3 การมีส่วนร่วมในโครงการห้องปฏิบัติการปลอดภัย', 1),
(35, 6, '2564', 'KPI 4.2.2 จำนวนบุคลากรสายวิชาการ และบุคลากรสายวิชาการชาวต่างชาติที่ได้รับทุนเพื่อไปทำงานวิชาการและ/หรือวิจัยในต่างแดนระหว่างกัน ', 1),
(36, 6, '2564', 'SKPI 6.3 จำนวนอาจารย์/นักวิจัยและอาจารย์/นักวิจัยต่างชาติที่ไปทำงานวิชาการและ/หรือวิจัยต่างแดนระหว่างกัน (inbound – outbound)', 1),
(37, 6, '2564', 'SKPI 6.4 จำนวนโครงการวิจัยสายปฏิบัติการ', 1),
(38, 7, '2564', 'G7 ไม่ต้องระบุ', 0),
(39, 16, '2564', 'G13 ไม่ต้องระบุ', 0),
(40, 8, '2564', 'KPI 3.1 จำนวนขององค์กร กลุ่มทางสังคมหรือชุมชนที่ได้รับประโยชน์ อย่างบูรณาการ', 1),
(41, 8, '2564', 'KPI 3.2.1 จำนวนครั้งในการออกอากาศ การสื่อสารความรู้/นวัตกรรมของจุฬาฯผ่านช่องทางต่างๆ  ของสื่อสารมวลชน', 1),
(42, 8, '2564', 'SKPI 14.1 จำนวนผลงานวิจัยตีพิมพ์ในวารสารระดับนานาชาติที่มีความร่วมมือกับต่างประเทศและปรากฏในฐานข้อมูล ISI/SCOPUS', 1),
(43, 9, '2564', 'SKPI 15.1 จำนวนครั้งของการถ่ายทอดเทคโนโลยี อบรม สัมมนา ประชุมวิชาการ แถลงข่าว ให้คำปรึกษา', 1),
(44, 7, '2564', 'SKPI 6.3 : จำนวนอาจารย์/นักวิจัยและอาจารย์/นักวิจัยต่างชาติที่ไปทำงานวิชาการและ/หรือวิจัยต่างแดนระหว่างกัน (inbound – outbound)', 1),
(45, 7, '2564', 'SKPI 6.4 : จำนวนโครงการวิจัยสายปฏิบัติการ', 1),
(46, 9, '2564', 'KPI 2.2.1 จำนวนผลงานวิจัย/ผลงานสร้างสรรค์ที่มีการนำไปใช้ประโยชน์ในระดับชาติ/โลก ', 1),
(47, 12, '2564', 'KPI 4.2.1 จำนวนนิสิตระดับดุษฎีบัณฑิตที่ได้รับทุนการศึกษาจากมหาวิทยาลัย', 0),
(48, 14, '2564', 'SDA ร้อยละของตัวชี้วัดตามข้อตกลงการจัดทำผลผลิต (SDA) ที่บรรลุเป้าหมาย', 0),
(49, 15, '2564', ' SDA ร้อยละของตัวชี้วัดตามข้อตกลงการจัดทำผลผลิต (SDA) ที่บรรลุเป้าหมาย', 0);

-- --------------------------------------------------------

--
-- Table structure for table `profeser`
--

CREATE TABLE `profeser` (
  `user_id` int(10) NOT NULL,
  `cu_prof_posn` varchar(50) NOT NULL,
  `cu_prof_prefix` varchar(20) NOT NULL,
  `cu_prof_group` varchar(50) NOT NULL,
  `cu_prof_level` varchar(50) NOT NULL,
  `cu_prof_prefix_e` varchar(50) NOT NULL,
  `cu_prof_fname_e` varchar(50) NOT NULL,
  `cu_prof_mname_e` varchar(50) NOT NULL,
  `cu_prof_lname_e` varchar(50) NOT NULL,
  `cu_prof_posn_e` varchar(50) NOT NULL,
  `cu_prof_email` varchar(50) NOT NULL
) ENGINE=InnoDB DEFAULT CHARSET=utf8mb4;

-- --------------------------------------------------------

--
-- Table structure for table `rev_allocate_graduate`
--

CREATE TABLE `rev_allocate_graduate` (
  `ID` int(10) NOT NULL,
  `Year` varchar(4) DEFAULT NULL COMMENT 'ปีงบประมาณที่จัดทำ   (ให้แสดงผลเป็น พ.ศ.)',
  `Date` timestamp NULL DEFAULT CURRENT_TIMESTAMP ON UPDATE CURRENT_TIMESTAMP COMMENT 'วัน/เดือน/ปี เวลาที่บันทึก (ให้แสดงผลเป็น พ.ศ.)',
  `StuYear` int(4) DEFAULT NULL COMMENT 'ปีจำนวนนิสิตที่ใช้คำนวณ (ให้แสดงผลเป็น พ.ศ.)',
  `Income` decimal(10,10) DEFAULT NULL COMMENT 'เงินรายได้',
  `Saving` decimal(10,10) DEFAULT NULL COMMENT 'เงินสำรองสะสม (เข้าบ่อพัก)',
  `SupStu` decimal(10,10) DEFAULT NULL COMMENT 'เงินสนับสนุนกิจกรรมนิสิต',
  `DeptNum` int(2) DEFAULT NULL COMMENT 'จำนวนภาควิชา',
  `BasicCost` decimal(10,10) DEFAULT NULL COMMENT 'ค่าพื้นฐาน',
  `URate1` decimal(10,10) DEFAULT NULL COMMENT 'ร้อยละที่ได้รับจัดสรรมหาวิทยาลัยให้คณะเจ้าของวิชา',
  `URate2` decimal(10,10) DEFAULT NULL COMMENT 'ร้อยละที่ได้รับจัดสรรมหาวิทยาลัยให้คณะเจ้าของนิสิต',
  `URate3` decimal(10,0) DEFAULT NULL COMMENT 'ร้อยละที่ได้รับจัดสรรมหาวิทยาลัยให้คณะเจ้าของสถานที่',
  `URate4` decimal(10,0) DEFAULT NULL COMMENT 'ร้อยละที่ได้รับจัดสรรมหาวิทยาลัยให้พัฒนาคุณภาพการศึกษา',
  `FacRate1` decimal(10,0) DEFAULT NULL COMMENT 'อัตราส่วนแบ่งให้คณะเจ้าของวิชา',
  `FacRate2` decimal(10,0) DEFAULT NULL COMMENT 'อัตราส่วนแบ่งให้คณะเจ้าของนิสิต',
  `FacRate3_1` decimal(10,0) DEFAULT NULL COMMENT 'อัตราส่วนแบ่งให้คณะเจ้าของสถานที่ ตามจำนวนนิสิตปี 1',
  `FacRate3_2` decimal(10,0) DEFAULT NULL COMMENT 'อัตราส่วนแบ่งให้คณะเจ้าของสถานที่ ตามจำนวนนิสิตปี 2',
  `FacRate4` decimal(10,0) DEFAULT NULL COMMENT 'อัตราส่วนแบ่งให้พัฒนาคุณภาพการศึกษา',
  `BasicAmount` decimal(10,0) DEFAULT NULL COMMENT 'จำนวนเงินที่นำไปจัดสรรค่าพื้นฐาน',
  `StudentAmount` decimal(10,0) DEFAULT NULL COMMENT 'จำนวนเงินที่นำไปจัดสรรให้ภาควิชา'
) ENGINE=InnoDB DEFAULT CHARSET=utf8mb4;

--
-- Dumping data for table `rev_allocate_graduate`
--

INSERT INTO `rev_allocate_graduate` (`ID`, `Year`, `Date`, `StuYear`, `Income`, `Saving`, `SupStu`, `DeptNum`, `BasicCost`, `URate1`, `URate2`, `URate3`, `URate4`, `FacRate1`, `FacRate2`, `FacRate3_1`, `FacRate3_2`, `FacRate4`, `BasicAmount`, `StudentAmount`) VALUES
(1, '2560', '0000-00-00 00:00:00', 2557, '0.9999999999', '0.9999999999', '0.9999999999', 17, '0.9999999999', '0.9999999999', '0.9999999999', '10', '26', '0', '0', '0', '0', '0', '5', '46'),
(2, '2561', '0000-00-00 00:00:00', 2558, '0.9999999999', '0.9999999999', '0.9999999999', 17, '0.9999999999', '0.9999999999', '0.9999999999', '10', '26', '0', '0', '0', '0', '0', '5', '42'),
(3, '2562', '0000-00-00 00:00:00', 2559, '0.9999999999', '0.9999999999', '0.9999999999', 17, '0.9999999999', '0.9999999999', '0.9999999999', '10', '26', '0', '0', '0', '0', '0', '5', '41'),
(4, '2563', '0000-00-00 00:00:00', 2560, '0.9999999999', '0.9999999999', '0.9999999999', 14, '0.9999999999', '0.9999999999', '0.9999999999', '10', '26', '0', '0', '0', '0', '0', '4', '35');

-- --------------------------------------------------------

--
-- Table structure for table `rev_allocate_under`
--

CREATE TABLE `rev_allocate_under` (
  `id` int(10) NOT NULL,
  `Year` varchar(4) DEFAULT NULL COMMENT 'ปีงบประมาณที่จัดทำ',
  `FTESYear` int(4) DEFAULT NULL COMMENT 'ปี FTES ที่ใช้คำนวณ',
  `Date` timestamp NULL DEFAULT NULL COMMENT 'วัน/เดือน/ปี เวลาที่บันทึก',
  `StuYear` int(4) DEFAULT NULL COMMENT 'ปีจำนวนนิสิตที่ใช้คำนวณ ให้แสดงผลเป็น พ.ศ.',
  `Income` decimal(10,0) DEFAULT NULL COMMENT 'เงินรายได้',
  `Saving` decimal(10,0) DEFAULT NULL COMMENT 'เงินสำรองสะสม (เข้าบ่อพัก)',
  `SupStu` decimal(10,0) DEFAULT NULL COMMENT 'เงินสนับสนุนกิจกรรมนิสิต',
  `DeptNum` int(2) DEFAULT NULL COMMENT 'จำนวนภาควิชา',
  `BasicCost` decimal(10,0) DEFAULT NULL COMMENT 'ค่าพื้นฐาน',
  `IncomeRateIn` decimal(10,0) DEFAULT NULL COMMENT 'อัตราส่วนจัดสรรให้นิสิตในคณะ',
  `URate1` decimal(10,0) DEFAULT NULL COMMENT 'ร้อยละที่ได้รับจัดสรรมหาวิทยาลัยให้คณะเจ้าของวิชา',
  `URate2` decimal(10,0) DEFAULT NULL COMMENT 'ร้อยละที่ได้รับจัดสรรมหาวิทยาลัยให้คณะเจ้าของนิสิต',
  `URate3` decimal(10,0) DEFAULT NULL COMMENT 'ร้อยละที่ได้รับจัดสรรมหาวิทยาลัยให้คณะเจ้าของสถานที่',
  `URate4` decimal(10,0) DEFAULT NULL COMMENT 'ร้อยละที่ได้รับจัดสรรมหาวิทยาลัยให้พัฒนาคุณภาพการศึกษา',
  `FacRate1` decimal(10,0) DEFAULT NULL COMMENT 'อัตราส่วนแบ่งให้คณะเจ้าของวิชา',
  `FacRate2` decimal(10,0) DEFAULT NULL COMMENT 'อัตราส่วนแบ่งให้คณะเจ้าของนิสิต',
  `DeptRate2_2` decimal(10,0) DEFAULT NULL COMMENT 'อัตราส่วนแบ่งให้ภาควิชาเจ้าของนิสิต',
  `FacRate3_1` decimal(10,0) DEFAULT NULL COMMENT 'อัตราส่วนแบ่งให้คณะเจ้าของสถานที่ ตามจำนวนนิสิตปี 1',
  `FacRate3_2` decimal(10,0) DEFAULT NULL COMMENT 'อัตราส่วนแบ่งให้คณะเจ้าของสถานที่ ตามจำนวนนิสิตปี 2',
  `FacRate3_3` decimal(10,0) DEFAULT NULL COMMENT 'อัตราส่วนแบ่งให้คณะเจ้าของสถานที่ ตามจำนวนนิสิตปี 3',
  `FacRate3_4` decimal(10,0) DEFAULT NULL COMMENT 'อัตราส่วนแบ่งให้คณะเจ้าของสถานที่ ตามจำนวนนิสิตปี 4',
  `FacRate4` decimal(10,0) DEFAULT NULL COMMENT 'อัตราส่วนแบ่งให้พัฒนาคุณภาพการศึกษา',
  `URateOut1` decimal(10,0) DEFAULT NULL COMMENT 'ร้อยละตามมหาวิยาลัยกำหนดให้คณะเจ้าของวิชา',
  `URateOut2` decimal(10,0) DEFAULT NULL COMMENT 'ร้อยละตามมหาวิยาลัยกำหนดให้คณะเจ้าของสถานที่',
  `FacRateOut1` decimal(10,0) DEFAULT NULL COMMENT 'อัตราส่วนแบ่งให้คณะเจ้าของวิชา สำหรับนิสิตนอกคณะฯ',
  `FacRateOut2` decimal(10,0) DEFAULT NULL COMMENT 'อัตราส่วนแบ่งให้คณะเจ้าของสถานที่ สำหรับนิสิตนอกคณะฯ',
  `LecRate` decimal(10,0) DEFAULT NULL COMMENT 'อัตราส่วนแบ่งให้ Lecture นิสิตในคณะฯ',
  `LecDRate` decimal(10,0) DEFAULT NULL COMMENT 'อัตราส่วนแบ่งให้ ดนง. Lecture นิสิตในคณะฯ',
  `LabDRate` decimal(10,0) DEFAULT NULL COMMENT 'อัตราส่วนแบ่งให้ ดนง. Lab นิสิตในคณะฯ',
  `LecRateOut` decimal(10,0) DEFAULT NULL COMMENT 'อัตราส่วนแบ่งให้ Lecture นิสิตนอกคณะฯ',
  `LecDRateOut` decimal(10,0) DEFAULT NULL COMMENT 'อัตราส่วนแบ่งให้ ดนง. Lecture นิสิตนอกคณะฯ',
  `LabDRateOut` decimal(10,0) DEFAULT NULL COMMENT 'อัตราส่วนแบ่งให้ ดนง. Lab นิสิตนอกคณะฯ',
  `ItRate` decimal(10,0) DEFAULT NULL COMMENT 'อัตราส่วนแบ่งให้ IT นิสิตในคณะฯ',
  `DevRate` decimal(10,0) DEFAULT NULL COMMENT 'อัตราส่วนแบ่งให้ พัฒนานิสิตในคณะฯ',
  `LecInAmount` decimal(10,0) DEFAULT NULL COMMENT 'จำนวนเงินที่นำไปจัดสรร Lecture ในคณะฯ',
  `LecInDAmount` decimal(10,0) DEFAULT NULL COMMENT 'จำนวนเงินที่นำไปจัดสรร Lecture ในคณะฯ (สาธารณูปโภค)',
  `LabInAmount` decimal(10,0) DEFAULT NULL COMMENT 'จำนวนเงินที่นำไปจัดสรร Lab ในคณะฯ',
  `LabInDAmount` decimal(10,0) DEFAULT NULL COMMENT 'จำนวนเงินที่นำไปจัดสรร Lab ในคณะฯ (สาธารณูปโภค)',
  `ItDevAmount` decimal(10,0) DEFAULT NULL COMMENT 'จำนวนเงินที่นำไปจัดสรรนิสิตจากรายวิชา IT และพัฒนานิสิตในคณะฯ',
  `DAmount` decimal(10,0) DEFAULT NULL COMMENT 'จำนวนเงินที่นำไปจัดสรร สาธารณูปโภค ในคณะฯ',
  `LecOutAmount` decimal(10,0) DEFAULT NULL COMMENT 'จำนวนเงินที่นำไปจัดสรร Lecture นอกคณะฯ',
  `LabOutAmount` decimal(10,0) DEFAULT NULL COMMENT 'จำนวนเงินที่นำไปจัดสรร Lab นอกคณะฯ',
  `LecOutDAmount` decimal(10,0) DEFAULT NULL COMMENT 'จำนวนเงินที่นำไปจัดสรร Lecture นอกคณะฯ (สาธารณูปโภค)',
  `LabOutDAmount` decimal(10,0) DEFAULT NULL COMMENT 'จำนวนเงินที่นำไปจัดสรร Lab นอกคณะฯ (สาธารณูปโภค)'
) ENGINE=InnoDB DEFAULT CHARSET=utf8mb4;

--
-- Dumping data for table `rev_allocate_under`
--

INSERT INTO `rev_allocate_under` (`id`, `Year`, `FTESYear`, `Date`, `StuYear`, `Income`, `Saving`, `SupStu`, `DeptNum`, `BasicCost`, `IncomeRateIn`, `URate1`, `URate2`, `URate3`, `URate4`, `FacRate1`, `FacRate2`, `DeptRate2_2`, `FacRate3_1`, `FacRate3_2`, `FacRate3_3`, `FacRate3_4`, `FacRate4`, `URateOut1`, `URateOut2`, `FacRateOut1`, `FacRateOut2`, `LecRate`, `LecDRate`, `LabDRate`, `LecRateOut`, `LecDRateOut`, `LabDRateOut`, `ItRate`, `DevRate`, `LecInAmount`, `LecInDAmount`, `LabInAmount`, `LabInDAmount`, `ItDevAmount`, `DAmount`, `LecOutAmount`, `LabOutAmount`, `LecOutDAmount`, `LabOutDAmount`) VALUES
(1, '2560', 2557, '0000-00-00 00:00:00', 2557, '110', '11', '1', 14, '1', '1', '21', '18', '9', '31', '0', '0', '0', '1', '1', '1', '0', '0', '21', '9', '0', '1', '0', '0', '0', '0', '0', '0', '1', '0', '3', '1', '9', '3', '10', '3', '2', '6', '776', '2'),
(2, '2561', 2558, '0000-00-00 00:00:00', 2558, '110', '11', '1', 14, '1', '1', '21', '18', '9', '31', '0', '0', '0', '1', '1', '1', '0', '0', '21', '9', '0', '1', '0', '0', '0', '0', '0', '0', '1', '0', '2', '1', '8', '3', '10', '3', '2', '6', '933', '2'),
(3, '2562', 2559, '0000-00-00 00:00:00', 2559, '110', '11', '1', 14, '1', '1', '21', '18', '9', '31', '0', '0', '0', '1', '1', '1', '0', '0', '21', '9', '0', '1', '0', '0', '0', '0', '0', '0', '1', '0', '2', '1', '8', '3', '10', '3', '2', '6', '933', '2'),
(4, '2563', 2560, '0000-00-00 00:00:00', 2560, '105', '10', '1', 14, '1', '1', '21', '18', '9', '31', '0', '0', '0', '1', '1', '1', '0', '0', '21', '9', '0', '1', '0', '0', '0', '0', '0', '0', '1', '0', '2', '1', '8', '3', '10', '2', '2', '6', '889', '2');

-- --------------------------------------------------------

--
-- Table structure for table `rev_allo_graduate`
--

CREATE TABLE `rev_allo_graduate` (
  `ID` int(10) NOT NULL,
  `FK_REV_ALLOCATE_GRADUATE` int(10) DEFAULT NULL,
  `FK_CORE_DEPARTMENT` int(10) DEFAULT NULL,
  `StuYear` varchar(4) DEFAULT NULL COMMENT 'ปีจำนวนนิสิตที่ใช้คำนวณ',
  `BasicAmount` decimal(10,0) DEFAULT NULL COMMENT 'งบที่ได้รับการจัดสรรไปยังหน่วยงานภาควิชาค่าพื้นฐาน',
  `BasicRate` decimal(10,0) DEFAULT NULL COMMENT 'อัตราพื้นฐาน',
  `StudentAmount` decimal(10,0) DEFAULT NULL COMMENT 'งบที่ได้รับการจัดสรรไปยังหน่วยงานภาควิชา'
) ENGINE=InnoDB DEFAULT CHARSET=utf8mb4;

--
-- Dumping data for table `rev_allo_graduate`
--

INSERT INTO `rev_allo_graduate` (`ID`, `FK_REV_ALLOCATE_GRADUATE`, `FK_CORE_DEPARTMENT`, `StuYear`, `BasicAmount`, `BasicRate`, `StudentAmount`) VALUES
(1, 1, 2, '2557', '350', '1', '5'),
(2, 1, 3, '2557', '350', '1', '6'),
(3, 1, 4, '2557', '350', '1', '1'),
(4, 1, 5, '2557', '350', '1', '1'),
(5, 1, 6, '2557', '350', '1', '1'),
(6, 1, 7, '2557', '350', '1', '3'),
(7, 1, 8, '2557', '350', '1', '1'),
(8, 1, 9, '2557', '350', '1', '0'),
(9, 1, 10, '2557', '350', '1', '1'),
(10, 1, 11, '2557', '350', '1', '1'),
(11, 1, 12, '2557', '350', '1', '2'),
(12, 1, 13, '2557', '350', '1', '2'),
(13, 1, 14, '2557', '350', '1', '482'),
(14, 1, 15, '2557', '350', '1', '1'),
(15, 1, 16, '2557', '350', '1', '5'),
(16, 1, 17, '2557', '350', '1', '6'),
(19, 1, 18, '2557', '0', '0', '90'),
(21, 1, 19, '2557', '0', '0', '210'),
(22, 1, 20, '2557', '0', '0', '1'),
(23, 1, 21, '2557', '0', '1', '0'),
(24, 2, 2, '2558', '350', '1', '5'),
(25, 2, 3, '2558', '350', '1', '6'),
(26, 2, 4, '2558', '350', '1', '1'),
(27, 2, 5, '2558', '350', '1', '1'),
(28, 2, 6, '2558', '350', '1', '1'),
(29, 2, 7, '2558', '350', '1', '2'),
(30, 2, 8, '2558', '350', '1', '1'),
(31, 2, 9, '2558', '350', '1', '0'),
(32, 2, 10, '2558', '350', '1', '1'),
(33, 2, 11, '2558', '350', '1', '1'),
(34, 2, 12, '2558', '350', '1', '2'),
(35, 2, 13, '2558', '350', '1', '2'),
(36, 2, 14, '2558', '350', '1', '733'),
(37, 2, 15, '2558', '350', '1', '1'),
(38, 2, 16, '2558', '350', '1', '5'),
(39, 2, 17, '2558', '350', '1', '4'),
(42, 2, 18, '2558', '0', '0', '31'),
(44, 2, 19, '2558', '0', '0', '191'),
(45, 2, 20, '2558', '0', '0', '797'),
(46, 2, 21, '2558', '0', '1', '0'),
(47, 1, 1, '2557', '0', '0', '0'),
(48, 2, 1, '2558', '0', '0', '0'),
(49, 3, 1, '2559', '0', '0', '0'),
(50, 3, 2, '2559', '350', '1', '5'),
(51, 3, 3, '2559', '350', '1', '6'),
(52, 3, 4, '2559', '350', '1', '1'),
(53, 3, 5, '2559', '350', '1', '1'),
(54, 3, 6, '2559', '350', '1', '1'),
(55, 3, 7, '2559', '350', '1', '2'),
(56, 3, 8, '2559', '350', '1', '1'),
(57, 3, 9, '2559', '350', '1', '0'),
(58, 3, 10, '2559', '350', '1', '1'),
(59, 3, 11, '2559', '350', '1', '1'),
(60, 3, 12, '2559', '350', '1', '2'),
(61, 3, 13, '2559', '350', '1', '2'),
(62, 3, 14, '2559', '350', '1', '616'),
(63, 3, 15, '2559', '350', '1', '2'),
(64, 3, 16, '2559', '350', '1', '5'),
(65, 3, 17, '2559', '350', '1', '3'),
(68, 3, 18, '2559', '0', '0', '0'),
(70, 3, 19, '2559', '0', '0', '162'),
(71, 3, 20, '2559', '0', '0', '1'),
(72, 3, 21, '2559', '0', '0', '0'),
(73, 4, 1, '2559', '0', '0', '0'),
(74, 4, 2, '2560', '350', '1', '4'),
(75, 4, 3, '2560', '350', '1', '6'),
(76, 4, 4, '2560', '350', '1', '1'),
(77, 4, 5, '2560', '350', '1', '1'),
(78, 4, 6, '2560', '350', '1', '961'),
(79, 4, 7, '2560', '350', '1', '2'),
(80, 4, 8, '2560', '350', '1', '1'),
(81, 4, 9, '2560', '350', '1', '0'),
(82, 4, 10, '2560', '350', '1', '1'),
(83, 4, 11, '2560', '350', '1', '1'),
(84, 4, 12, '2560', '350', '1', '2'),
(85, 4, 13, '2560', '350', '1', '1'),
(86, 4, 14, '2560', '350', '1', '508'),
(87, 4, 15, '2560', '350', '1', '1'),
(88, 4, 16, '2560', '0', '0', '4'),
(89, 4, 17, '2560', '0', '0', '3'),
(92, 4, 18, '2560', '0', '0', '0'),
(94, 4, 19, '2560', '0', '0', '84'),
(95, 4, 20, '2560', '0', '0', '480'),
(96, 4, 21, '2560', '0', '1', '0');

-- --------------------------------------------------------

--
-- Table structure for table `rev_allo_under`
--

CREATE TABLE `rev_allo_under` (
  `ID` int(10) NOT NULL,
  `FK_REV_ALLOCATE_UNDER` int(10) NOT NULL,
  `FK_CORE_DEPARTMENT` int(10) NOT NULL,
  `StuYear` varchar(4) DEFAULT NULL COMMENT 'ปีจำนวนนิสิตที่ใช้คำนวณ',
  `ITAmount` decimal(10,0) NOT NULL DEFAULT '0' COMMENT 'งบที่ได้รับการจัดสรรไปยังหน่วยงานภาควิชา Lecture นิสิตนอกคณะฯ',
  `FTESYearLabIn` int(4) NOT NULL DEFAULT '0' COMMENT 'ปี FTES ที่ใช้คำนวณ',
  `LabInAmount` decimal(10,0) NOT NULL DEFAULT '0' COMMENT 'งบที่ได้รับการจัดสรรไปยังหน่วยงานภาควิชา Lab นิสิต',
  `FTESYearLecIn` int(4) NOT NULL DEFAULT '0' COMMENT 'ปี FTES ที่ใช้คำนวณ',
  `LecInAmount` decimal(10,0) NOT NULL DEFAULT '0' COMMENT 'งบที่ได้รับการจัดสรรไปยังหน่วยงานภาควิชา Lecture นิสิตในคณะฯ',
  `FTESYearLecOut` int(4) NOT NULL DEFAULT '0' COMMENT 'ปี FTES ที่ใช้คำนวณ',
  `LecOutAmount` double NOT NULL DEFAULT '0' COMMENT 'งบที่ได้รับการจัดสรรไปยังหน่วยงานภาควิชา Lecture นิสิตนอกคณะฯ',
  `FTESYearLabOut` int(4) NOT NULL DEFAULT '0' COMMENT 'ปี FTES ที่ใช้คำนวณ',
  `LabOutAmount` decimal(10,0) NOT NULL DEFAULT '0' COMMENT 'งบที่ได้รับการจัดสรรไปยังหน่วยงานภาควิชา Lab นิสิต',
  `BasicAmount` decimal(10,0) NOT NULL DEFAULT '0' COMMENT 'ค่าพื้นฐาน'
) ENGINE=InnoDB DEFAULT CHARSET=utf8mb4;

--
-- Dumping data for table `rev_allo_under`
--

INSERT INTO `rev_allo_under` (`ID`, `FK_REV_ALLOCATE_UNDER`, `FK_CORE_DEPARTMENT`, `StuYear`, `ITAmount`, `FTESYearLabIn`, `LabInAmount`, `FTESYearLecIn`, `LecInAmount`, `FTESYearLecOut`, `LecOutAmount`, `FTESYearLabOut`, `LabOutAmount`, `BasicAmount`) VALUES
(1, 1, 1, '2557', '468', 2557, '0', 2557, '149', 2557, 18, 2557, '0', '1'),
(2, 1, 2, '2557', '1', 2557, '172', 2557, '810', 2557, 698, 2557, '194', '1'),
(3, 1, 3, '2557', '1', 2557, '3', 2557, '696', 2557, 392, 2557, '2', '1'),
(4, 1, 4, '2557', '515', 2557, '718', 2557, '203', 2557, 169, 2557, '751', '1'),
(5, 1, 5, '2557', '508', 2557, '676', 2557, '287', 2557, 398, 2557, '1', '1'),
(6, 1, 6, '2557', '362', 2557, '355', 2557, '165', 2557, 181, 2557, '499', '1'),
(7, 1, 7, '2557', '987', 2557, '670', 2557, '141', 2557, 101.3, 2557, '855', '1'),
(8, 1, 8, '2557', '680', 2557, '483', 2557, '142', 2557, 3, 2557, '14', '1'),
(9, 1, 9, '2557', '556', 2557, '149', 2557, '115', 2557, 92, 2557, '155', '1'),
(10, 1, 10, '2557', '318', 2557, '126', 2557, '44', 2557, 2, 2557, '5', '1'),
(11, 1, 11, '2557', '314', 2557, '554', 2557, '101', 2557, 71, 2557, '638', '1'),
(12, 1, 12, '2557', '823', 2557, '547', 2557, '137', 2557, 2, 2557, '15', '1'),
(13, 1, 13, '2557', '449', 2557, '995', 2557, '68', 2557, 0, 2557, '0', '1'),
(14, 1, 14, '2557', '486', 2557, '242', 2557, '141', 2557, 270, 2557, '619', '1'),
(15, 1, 15, '2557', '899', 2557, '621', 2557, '117', 2557, 27, 2557, '170', '1'),
(16, 1, 16, '2557', '0', 2557, '0', 2557, '0', 2557, 0, 2557, '0', '0'),
(17, 1, 17, '2557', '0', 2557, '0', 2557, '0', 2557, 0, 2557, '0', '0'),
(20, 1, 18, '2557', '0', 2557, '0', 2557, '0', 2557, 0, 2557, '0', '0'),
(22, 1, 19, '2557', '0', 2557, '0', 2557, '0', 2557, 0, 2557, '0', '0'),
(23, 1, 20, '2557', '0', 2557, '0', 2557, '0', 2557, 0, 2557, '0', '0'),
(24, 2, 1, '2558', '0', 2558, '0', 2558, '0', 2558, 0, 2558, '0', '0'),
(25, 2, 2, '2558', '1', 2558, '160', 2558, '719', 2558, 634, 2558, '160', '1'),
(26, 2, 3, '2558', '1', 2558, '2', 2558, '646', 2558, 345, 2558, '2', '1'),
(27, 2, 4, '2558', '662', 2558, '624', 2558, '182', 2558, 158, 2558, '668', '1'),
(28, 2, 5, '2558', '513', 2558, '881', 2558, '275', 2558, 360, 2558, '1', '1'),
(29, 2, 6, '2558', '411', 2558, '291', 2558, '125', 2558, 126, 2558, '336', '1'),
(30, 2, 7, '2558', '989', 2558, '614', 2558, '129', 2558, 0, 2558, '0', '1'),
(31, 2, 8, '2558', '687', 2558, '539', 2558, '140', 2558, 4, 2558, '24', '1'),
(32, 2, 9, '2558', '585', 2558, '101', 2558, '124', 2558, 131, 2558, '112', '1'),
(33, 2, 10, '2558', '320', 2558, '120', 2558, '42', 2558, 5, 2558, '12', '1'),
(34, 2, 11, '2558', '422', 2558, '520', 2558, '102', 2558, 68, 2558, '538', '1'),
(35, 2, 12, '2558', '778', 2558, '487', 2558, '119', 2558, 1, 2558, '6', '1'),
(36, 2, 13, '2558', '604', 2558, '911', 2558, '117', 2558, 70.9, 2558, '1', '1'),
(37, 2, 14, '2558', '524', 2558, '200', 2558, '149', 2558, 305, 2558, '520', '1'),
(38, 2, 15, '2558', '880', 2558, '526', 2558, '105', 2558, 37, 2558, '177', '1'),
(39, 2, 16, '2558', '0', 2558, '0', 2558, '0', 2558, 0, 2558, '0', '0'),
(40, 2, 17, '2558', '0', 2558, '0', 2558, '0', 2558, 0, 2558, '0', '0'),
(43, 2, 18, '2558', '0', 2558, '0', 2558, '0', 2558, 0, 2558, '0', '0'),
(45, 2, 19, '2558', '0', 2558, '0', 2558, '0', 2558, 0, 2558, '0', '0'),
(46, 2, 20, '2558', '0', 2558, '0', 2558, '0', 2558, 0, 2558, '0', '0'),
(47, 2, 21, '2558', '0', 2558, '0', 2558, '0', 2558, 0, 2558, '0', '0'),
(48, 3, 1, '2559', '0', 2559, '0', 2559, '0', 2559, 0, 2559, '0', '1'),
(49, 3, 2, '2559', '1', 2559, '171', 2559, '768', 2559, 627, 2559, '170', '1'),
(50, 3, 3, '2559', '1', 2559, '2', 2559, '608', 2559, 341, 2559, '2', '1'),
(51, 3, 4, '2559', '664', 2559, '691', 2559, '193', 2559, 194, 2559, '614', '1'),
(52, 3, 5, '2559', '543', 2559, '980', 2559, '331', 2559, 421, 2559, '1', '1'),
(53, 3, 6, '2559', '405', 2559, '284', 2559, '125', 2559, 111, 2559, '338', '1'),
(54, 3, 7, '2559', '963', 2559, '640', 2559, '127', 2559, 0, 2559, '0', '1'),
(55, 3, 8, '2559', '620', 2559, '460', 2559, '134', 2559, 25, 2559, '37', '1'),
(56, 3, 9, '2559', '558', 2559, '108', 2559, '124', 2559, 144, 2559, '128', '1'),
(57, 3, 10, '2559', '303', 2559, '103', 2559, '39', 2559, 1, 2559, '10', '1'),
(58, 3, 11, '2559', '456', 2559, '638', 2559, '111', 2559, 33, 2559, '608', '1'),
(59, 3, 12, '2559', '781', 2559, '407', 2559, '106', 2559, 561.56, 2559, '7', '1'),
(60, 3, 13, '2559', '642', 2559, '982', 2559, '71', 2559, 1, 2559, '66', '1'),
(61, 3, 14, '2559', '529', 2559, '225', 2559, '145', 2559, 227, 2559, '634', '1'),
(62, 3, 15, '2559', '872', 2559, '551', 2559, '110', 2559, 48, 2559, '177', '1'),
(63, 3, 16, '2559', '0', 2559, '0', 2559, '0', 2559, 0, 2559, '0', '0'),
(64, 3, 17, '2559', '0', 2559, '0', 2559, '0', 2559, 0, 2559, '0', '0'),
(67, 3, 18, '2559', '0', 2559, '0', 2559, '0', 2559, 0, 2559, '0', '0'),
(69, 3, 19, '2559', '0', 2559, '0', 2559, '0', 2559, 0, 2559, '0', '0'),
(70, 3, 20, '2559', '0', 2559, '0', 2559, '0', 2559, 0, 2559, '0', '0'),
(71, 3, 21, '2559', '0', 2559, '0', 2559, '0', 2559, 0, 2559, '0', '0'),
(72, 4, 1, '2560', '0', 2560, '0', 2560, '7', 2560, 10, 2560, '0', '0'),
(73, 4, 2, '2560', '1', 2560, '158', 2560, '731', 2560, 928, 2560, '311', '1'),
(74, 4, 3, '2560', '1', 2560, '2', 2560, '571', 2560, 268, 2560, '2', '1'),
(75, 4, 4, '2560', '615', 2560, '636', 2560, '178', 2560, 99, 2560, '520', '1'),
(76, 4, 5, '2560', '475', 2560, '944', 2560, '303', 2560, 270, 2560, '1', '1'),
(77, 4, 6, '2560', '414', 2560, '287', 2560, '134', 2560, 100, 2560, '284', '1'),
(78, 4, 7, '2560', '900', 2560, '581', 2560, '115', 2560, 61.39, 2560, '513', '1'),
(79, 4, 8, '2560', '560', 2560, '395', 2560, '107', 2560, 4, 2560, '29', '1'),
(80, 4, 9, '2560', '492', 2560, '87', 2560, '94', 2560, 78, 2560, '97', '1'),
(81, 4, 10, '2560', '309', 2560, '111', 2560, '33', 2560, 1, 2560, '7', '1'),
(82, 4, 11, '2560', '485', 2560, '649', 2560, '102', 2560, 39, 2560, '478', '1'),
(83, 4, 12, '2560', '733', 2560, '391', 2560, '100', 2560, 2, 2560, '14', '1'),
(84, 4, 13, '2560', '598', 2560, '946', 2560, '74', 2560, 2, 2560, '62', '1'),
(85, 4, 14, '2560', '492', 2560, '177', 2560, '130', 2560, 245, 2560, '527', '1'),
(86, 4, 15, '2560', '852', 2560, '566', 2560, '95', 2560, 24, 2560, '172', '1'),
(87, 4, 16, '2559', '0', 2560, '0', 2560, '0', 2560, 0, 2560, '0', '0'),
(88, 4, 17, '2559', '0', 2560, '0', 2560, '0', 2560, 0, 2560, '0', '0'),
(91, 4, 18, '2559', '0', 2560, '0', 2560, '0', 2560, 0, 2560, '0', '0'),
(93, 4, 19, '2559', '0', 2560, '0', 2560, '0', 2560, 0, 2560, '0', '0'),
(94, 4, 20, '2559', '0', 2560, '0', 2560, '0', 2560, 0, 2560, '0', '0'),
(95, 4, 21, '2559', '0', 2560, '0', 2560, '0', 2560, 0, 2560, '0', '0');

-- --------------------------------------------------------

--
-- Table structure for table `rev_cost`
--

CREATE TABLE `rev_cost` (
  `ID` int(10) NOT NULL,
  `FK_CORE_DEPARTMENT` int(10) DEFAULT NULL,
  `FK_REV_COST_DESCRIPTION` int(10) DEFAULT NULL,
  `Year` varchar(4) DEFAULT NULL COMMENT 'ปีงบประมาณ',
  `Cost` decimal(10,0) DEFAULT NULL COMMENT 'ค่าใช้จ่าย'
) ENGINE=InnoDB DEFAULT CHARSET=utf8mb4;

-- --------------------------------------------------------

--
-- Table structure for table `rev_cost_description`
--

CREATE TABLE `rev_cost_description` (
  `ID` int(10) NOT NULL,
  `Year` varchar(4) DEFAULT NULL COMMENT 'ปีงบประมาณ',
  `detail` varchar(1024) DEFAULT NULL COMMENT 'รายละเอียดค่าใช้จ่าย'
) ENGINE=InnoDB DEFAULT CHARSET=utf8mb4;

-- --------------------------------------------------------

--
-- Table structure for table `rev_incomedean_allocation`
--

CREATE TABLE `rev_incomedean_allocation` (
  `ID` int(10) NOT NULL,
  `FK_CORE_DEPARTMENT` int(10) DEFAULT NULL,
  `FK_REV_INCOME_ALLOCATION _DESCRIPTION` int(10) DEFAULT NULL,
  `Year` varchar(4) DEFAULT NULL COMMENT 'ปีงบประมาณ',
  `Cost` decimal(10,10) DEFAULT NULL COMMENT 'ค่าใช้จ่ายเงินจัดสรร'
) ENGINE=InnoDB DEFAULT CHARSET=utf8mb4;

-- --------------------------------------------------------

--
-- Table structure for table `rev_incomedean_allocation_description`
--

CREATE TABLE `rev_incomedean_allocation_description` (
  `ID` int(10) NOT NULL,
  `FK_DEAN_STRATEGY_FACULTY` int(10) DEFAULT NULL,
  `FK_DEAN_STRATEGY_GOAL` int(10) DEFAULT NULL,
  `FK_DEAN_STRATEGY_KPI` int(10) DEFAULT NULL,
  `Year` int(10) DEFAULT NULL COMMENT 'ปีงบประมาณ',
  `detail` int(10) DEFAULT NULL COMMENT 'รายละเอียดค่าใช้จ่ายเงินจัดสรร'
) ENGINE=InnoDB DEFAULT CHARSET=utf8mb4;

-- --------------------------------------------------------

--
-- Table structure for table `rev_incomedean_graduate`
--

CREATE TABLE `rev_incomedean_graduate` (
  `ID` int(10) NOT NULL,
  `FK_CORE_FACT` int(10) DEFAULT NULL,
  `FK_CORE_WORK` int(10) DEFAULT NULL,
  `FK_REV_INCOMEDEAN_GRADUATE_DESCRIPTION` int(10) DEFAULT NULL,
  `Year` varchar(4) DEFAULT NULL COMMENT 'ปีงบประมาณ',
  `Cost` decimal(10,0) DEFAULT NULL COMMENT 'ค่าใช้จ่ายบัณฑิตศึกษา'
) ENGINE=InnoDB DEFAULT CHARSET=utf8mb4;

-- --------------------------------------------------------

--
-- Table structure for table `rev_incomedean_graduate_description`
--

CREATE TABLE `rev_incomedean_graduate_description` (
  `ID` int(10) NOT NULL,
  `FK_DEAN_STRATEGY_FACULTY` int(10) NOT NULL,
  `FK_DEAN_STRATEGY_GOAL` int(10) NOT NULL,
  `FK_DEAN_STRATEGY_KPI` int(10) NOT NULL,
  `Year` varchar(4) DEFAULT NULL COMMENT 'ปีงบประมาณ',
  `detail` decimal(10,0) DEFAULT NULL COMMENT 'รายละเอียดค่าใช้จ่ายบัณฑิตศึกษา'
) ENGINE=InnoDB DEFAULT CHARSET=utf8mb4;

-- --------------------------------------------------------

--
-- Table structure for table `rev_incomedean_other`
--

CREATE TABLE `rev_incomedean_other` (
  `ID` int(10) NOT NULL,
  `FK_CORE_FACT` int(10) DEFAULT NULL,
  `FK_CORE_WORK` int(10) DEFAULT NULL,
  `FK_ REV_INCOMEDEAN_OTHER_DESCRIPTION` int(10) DEFAULT NULL,
  `Year` varchar(4) DEFAULT NULL COMMENT 'ปีงบประมาณ',
  `Cost` decimal(10,0) DEFAULT NULL COMMENT 'ค่าใช้จ่าย'
) ENGINE=InnoDB DEFAULT CHARSET=utf8mb4;

-- --------------------------------------------------------

--
-- Table structure for table `rev_incomedean_other_description`
--

CREATE TABLE `rev_incomedean_other_description` (
  `ID` int(10) NOT NULL,
  `Year` varchar(4) DEFAULT NULL COMMENT 'ปีงบประมาณ',
  `detail` decimal(10,0) DEFAULT NULL COMMENT 'รายละเอียดค่าใช้จ่าย'
) ENGINE=InnoDB DEFAULT CHARSET=utf8mb4;

-- --------------------------------------------------------

--
-- Table structure for table `rev_ incomedean_other _description`
--

CREATE TABLE `rev_ incomedean_other _description` (
  `ID` int(10) NOT NULL,
  `FK_DEAN_STRATEGY_FACULTY` int(10) DEFAULT NULL,
  `FK_DEAN_STRATEGY_GOAL` int(10) NOT NULL,
  `FK_DEAN_STRATEGY_KPI` int(10) NOT NULL,
  `Year` varchar(4) DEFAULT NULL COMMENT 'ปีงบประมาณ',
  `detail` decimal(10,0) DEFAULT NULL COMMENT 'รายละเอียดค่าใช้จ่าย'
) ENGINE=InnoDB DEFAULT CHARSET=utf8mb4;

-- --------------------------------------------------------

--
-- Table structure for table `rev_incomedean_under`
--

CREATE TABLE `rev_incomedean_under` (
  `ID` int(10) NOT NULL,
  `FK_CORE_FACT` int(10) DEFAULT NULL,
  `FK_CORE_WORK` int(10) DEFAULT NULL,
  `FK_ REV_INCOMEDEAN_UNDER_DESCRIPTION` int(10) DEFAULT NULL,
  `Year` varchar(4) DEFAULT NULL COMMENT 'ปีงบประมาณ',
  `Cost` decimal(10,0) DEFAULT NULL COMMENT 'ค่าใช้จ่ายปริญญาตรี'
) ENGINE=InnoDB DEFAULT CHARSET=utf8mb4;

-- --------------------------------------------------------

--
-- Table structure for table `rev_incomedean_under_description`
--

CREATE TABLE `rev_incomedean_under_description` (
  `ID` int(10) NOT NULL,
  `FK_DEAN_STRATEGY_FACULTY` int(10) NOT NULL,
  `FK_DEAN_STRATEGY_GOAL` int(10) NOT NULL,
  `FK_DEAN_STRATEGY_KPI` int(10) NOT NULL,
  `Year` varchar(4) DEFAULT NULL COMMENT 'ปีงบประมาณ',
  `detail` decimal(10,0) DEFAULT NULL COMMENT 'รายละเอียดค่าใช้จ่ายปริญญาตรี'
) ENGINE=InnoDB DEFAULT CHARSET=utf8mb4;

-- --------------------------------------------------------

--
-- Table structure for table `rev_incomedept_graduate`
--

CREATE TABLE `rev_incomedept_graduate` (
  `ID` int(10) NOT NULL,
  `FK_CORE_DEPARTMENT` int(10) DEFAULT NULL,
  `FK_DEPT_GRADUATE` int(10) DEFAULT NULL,
  `REV_INCOMEDEPT_GRADUATE_DESCRIPTION` int(10) DEFAULT NULL,
  `Year` varchar(4) DEFAULT NULL COMMENT 'ปีงบประมาณ',
  `Cost` decimal(10,0) DEFAULT NULL COMMENT 'ค่าใช้จ่ายบัณฑิตศึกษา'
) ENGINE=InnoDB DEFAULT CHARSET=utf8mb4;

-- --------------------------------------------------------

--
-- Table structure for table `rev_incomedept_graduate_description`
--

CREATE TABLE `rev_incomedept_graduate_description` (
  `ID` int(10) NOT NULL,
  `FK_DEPT_STRATEGY_FACULTY` int(10) DEFAULT NULL,
  `FK_DEPT_STRATEGY_GOAL` int(10) DEFAULT NULL,
  `FK_DEPT_STRATEGY_KPI` int(10) DEFAULT NULL,
  `Year` varchar(4) DEFAULT NULL COMMENT 'ปีงบประมาณ',
  `detail` decimal(10,0) DEFAULT NULL COMMENT 'รายละเอียดค่าใช้จ่ายบัณฑิตศึกษา'
) ENGINE=InnoDB DEFAULT CHARSET=utf8mb4;

-- --------------------------------------------------------

--
-- Table structure for table `rev_incomedept_graduate_file`
--

CREATE TABLE `rev_incomedept_graduate_file` (
  `id` int(10) NOT NULL,
  `FK_REV_INCOMEDEPT_GRADUATE` int(10) DEFAULT NULL,
  `year` varchar(4) DEFAULT NULL,
  `path` varchar(1024) DEFAULT NULL,
  `create_time` timestamp NULL DEFAULT CURRENT_TIMESTAMP ON UPDATE CURRENT_TIMESTAMP
) ENGINE=InnoDB DEFAULT CHARSET=utf8mb4;

-- --------------------------------------------------------

--
-- Table structure for table `rev_incomedept_other`
--

CREATE TABLE `rev_incomedept_other` (
  `ID` int(10) NOT NULL,
  `FK_CORE_DEPARTMENT` int(10) DEFAULT NULL,
  `FK_DEPT_GRADUATE` int(10) DEFAULT NULL,
  `REV_INCOMEDEPT_OTHER_DESCRIPTION` int(10) DEFAULT NULL,
  `Year` varchar(4) DEFAULT NULL COMMENT 'ปีงบประมาณ',
  `Cost` decimal(10,0) DEFAULT NULL COMMENT 'ค่าใช้จ่าย'
) ENGINE=InnoDB DEFAULT CHARSET=utf8mb4;

-- --------------------------------------------------------

--
-- Table structure for table `rev_ incomedept_other_description`
--

CREATE TABLE `rev_ incomedept_other_description` (
  `ID` int(10) NOT NULL,
  `FK_DEPT_STRATEGY_FACULTY` int(10) DEFAULT NULL,
  `FK_DEPT_STRATEGY_GOAL` int(10) DEFAULT NULL,
  `FK_DEPT_STRATEGY_KPI` int(10) DEFAULT NULL,
  `Year` varchar(4) DEFAULT NULL COMMENT 'ปีงบประมาณ',
  `detail` decimal(10,0) DEFAULT NULL COMMENT 'รายละเอียดค่าใช้จ่าย'
) ENGINE=InnoDB DEFAULT CHARSET=utf8mb4;

-- --------------------------------------------------------

--
-- Table structure for table `rev_incomedept_other_file`
--

CREATE TABLE `rev_incomedept_other_file` (
  `id` int(10) NOT NULL,
  `FK_REV_INCOMEDEPT_OTHER` int(10) DEFAULT NULL,
  `year` varchar(4) DEFAULT NULL,
  `path` varchar(1024) DEFAULT NULL,
  `create_time` timestamp NULL DEFAULT CURRENT_TIMESTAMP ON UPDATE CURRENT_TIMESTAMP
) ENGINE=InnoDB DEFAULT CHARSET=utf8mb4;

-- --------------------------------------------------------

--
-- Table structure for table `rev_incomedept_under`
--

CREATE TABLE `rev_incomedept_under` (
  `ID` int(10) NOT NULL,
  `FK_CORE_DEPARTMENT` int(10) DEFAULT NULL,
  `FK_DEPT_GRADUATE` int(10) DEFAULT NULL,
  `REV_INCOMEDEPT_UNDER_DESCRIPTION` int(10) DEFAULT NULL,
  `Year` varchar(4) DEFAULT NULL COMMENT 'ปีงบประมาณ',
  `Cost` decimal(10,0) DEFAULT NULL COMMENT 'ค่าใช้จ่ายปริญญาตรี'
) ENGINE=InnoDB DEFAULT CHARSET=utf8mb4;

-- --------------------------------------------------------

--
-- Table structure for table `rev_incomedept_under_description`
--

CREATE TABLE `rev_incomedept_under_description` (
  `ID` int(10) NOT NULL,
  `FK_DEPT_STRATEGY_FACULTY` int(10) DEFAULT NULL,
  `FK_DEPT_STRATEGY_GOAL` int(10) DEFAULT NULL,
  `FK_DEPT_STRATEGY_KPI` int(10) DEFAULT NULL,
  `Year` varchar(4) DEFAULT NULL COMMENT 'ปีงบประมาณ',
  `detail` decimal(10,0) DEFAULT NULL COMMENT 'รายละเอียดค่าใช้จ่ายปริญญาตรี'
) ENGINE=InnoDB DEFAULT CHARSET=utf8mb4;

-- --------------------------------------------------------

--
-- Table structure for table `rev_incomedept_under_file`
--

CREATE TABLE `rev_incomedept_under_file` (
  `id` int(10) NOT NULL,
  `FK_REV_INCOMEDEPT_UNDER` int(10) DEFAULT NULL,
  `year` varchar(4) DEFAULT NULL,
  `path` varchar(1024) DEFAULT NULL,
  `create_time` timestamp NULL DEFAULT CURRENT_TIMESTAMP ON UPDATE CURRENT_TIMESTAMP
) ENGINE=InnoDB DEFAULT CHARSET=utf8mb4;

-- --------------------------------------------------------

--
-- Table structure for table `rev_summary`
--

CREATE TABLE `rev_summary` (
  `ID` int(10) NOT NULL,
  `FK_CORE_DEPARTMENT` int(10) DEFAULT NULL,
  `SummaryYear` varchar(4) DEFAULT NULL COMMENT 'ปีงบประมาณ ให้แสดงผลเป็น พ.ศ.',
  `Sum_Cost` decimal(10,0) DEFAULT NULL COMMENT '6. ประมาณการรายจ่าย',
  `Sum_AlloUnder` decimal(10,0) DEFAULT NULL COMMENT '3. วงเงินค่าเล่าเรียนที่ได้รับจัดสรร ปริญญาตรี',
  `Sum_AlloGrad` decimal(10,0) DEFAULT NULL COMMENT '4. วงเงินค่าเล่าเรียนที่ได้รับจัดสรร บัณฑิตศึกษา',
  `Sum_Income` decimal(10,0) DEFAULT NULL COMMENT '5. รายได้อื่นจากการดำเนินงานระหว่างปี',
  `Sum_TotalPrev` decimal(10,0) DEFAULT NULL COMMENT '2. เงินคงเหลือปีงบฯ',
  `Sum_PrevYear` decimal(10,0) DEFAULT NULL COMMENT '1. เงินสะสมภาควิชาที่ไม่ได้นำไปตั้งงบฯ (ยอดยกมา)',
  `Sum_Current` decimal(10,0) DEFAULT NULL COMMENT '7. งบประมาณที่สามารถนำไปตั้งงบฯ',
  `Sum_Dept` decimal(10,0) DEFAULT NULL COMMENT 'งบที่ภาคจัดตั้งแล้ว'
) ENGINE=InnoDB DEFAULT CHARSET=utf8mb4;

--
-- Dumping data for table `rev_summary`
--

INSERT INTO `rev_summary` (`ID`, `FK_CORE_DEPARTMENT`, `SummaryYear`, `Sum_Cost`, `Sum_AlloUnder`, `Sum_AlloGrad`, `Sum_Income`, `Sum_TotalPrev`, `Sum_PrevYear`, `Sum_Current`, `Sum_Dept`) VALUES
(1, 1, '2560', '3', '5', '5', '3', '6', '57', '74', '16'),
(2, 2, '2560', '10', '10', '6', '25', '10', '51', '98', '42'),
(3, 3, '2560', '3', '4', '1', '1', '169', '-59', '3', '3'),
(4, 4, '2560', '4', '5', '1', '4', '3', '6', '17', '12'),
(5, 5, '2560', '2', '3', '1', '961', '341', '-765', '2', '2'),
(6, 6, '2560', '2', '3', '3', '3', '2', '17', '29', '10'),
(7, 7, '2560', '2', '3', '1', '3', '6', '0', '11', '7'),
(8, 8, '2560', '1', '2', '350', '236', '249', '9', '2', '2'),
(9, 9, '2560', '2', '2', '1', '893', '318', '907', '4', '2'),
(10, 10, '2560', '3', '3', '2', '1', '1', '5', '4', '3'),
(11, 11, '2560', '9', '3', '3', '9', '748', '6', '19', '13'),
(12, 12, '2560', '2', '3', '2', '1', '2', '1', '8', '6'),
(13, 13, '2560', '1', '3', '832', '1', '1', '4', '10', '3'),
(14, 14, '2560', '2', '3', '2', '6', '1', '924', '12', '5'),
(15, 15, '2560', '1', '0', '6', '64', '1', '2', '8', '6'),
(16, 16, '2560', '7', '0', '6', '3', '5', '10', '19', '9'),
(17, 17, '2560', '0', '0', '0', '0', '0', '883', '883', '0'),
(20, 18, '2560', '0', '0', '0', '0', '0', '987', '987', '0'),
(22, 19, '2560', '2', '0', '1', '38', '10', '8', '56', '34'),
(23, 20, '2560', '19', '0', '0', '0', '0', '0', '0', '0'),
(24, 1, '2559', '0', '0', '0', '3', '0', '0', '57', '0'),
(25, 2, '2559', '0', '0', '0', '33', '0', '0', '51', '0'),
(26, 3, '2559', '0', '0', '0', '1', '0', '0', '-59', '0'),
(27, 4, '2559', '0', '0', '0', '6', '0', '0', '6', '0'),
(28, 5, '2559', '0', '0', '0', '1', '0', '0', '-765', '0'),
(29, 6, '2559', '0', '0', '0', '2', '0', '0', '17', '0'),
(30, 7, '2559', '0', '0', '0', '3', '0', '0', '0', '0'),
(31, 8, '2559', '0', '0', '0', '501', '0', '0', '9', '0'),
(32, 9, '2559', '2', '0', '0', '1', '0', '0', '907', '0'),
(33, 10, '2559', '0', '0', '0', '1', '0', '0', '5', '0'),
(34, 11, '2559', '0', '0', '0', '2', '0', '0', '6', '0'),
(35, 12, '2559', '0', '0', '0', '5', '0', '0', '1', '0'),
(36, 13, '2559', '0', '0', '0', '1', '0', '0', '4', '0'),
(37, 14, '2559', '0', '0', '0', '1', '0', '0', '924', '0'),
(38, 15, '2559', '0', '0', '0', '0', '0', '0', '2', '0'),
(39, 16, '2559', '0', '0', '0', '710', '0', '0', '10', '0'),
(40, 17, '2559', '0', '0', '0', '0', '0', '0', '883', '0'),
(43, 18, '2559', '0', '0', '0', '0', '0', '0', '987', '0'),
(45, 19, '2559', '0', '0', '0', '0', '0', '0', '8', '0'),
(46, 1, '2561', '4', '4', '5', '3', '8', '57', '76', '12'),
(47, 2, '2561', '11', '9', '7', '29', '15', '56', '111', '62'),
(48, 3, '2561', '3', '4', '1', '1', '312', '-452', '3', '3'),
(49, 4, '2561', '4', '5', '1', '6', '3', '4', '16', '8'),
(50, 5, '2561', '4', '3', '1', '1', '41', '102', '3', '2'),
(51, 6, '2561', '2', '3', '2', '2', '1', '19', '26', '6'),
(52, 7, '2561', '2', '3', '1', '3', '3', '4', '13', '8'),
(53, 8, '2561', '1', '2', '350', '501', '94', '121', '2', '2'),
(54, 9, '2561', '2', '2', '2', '1', '34', '1', '5', '2'),
(55, 10, '2561', '3', '3', '2', '1', '605', '311', '3', '3'),
(56, 11, '2561', '4', '3', '3', '2', '2', '5', '11', '7'),
(57, 12, '2561', '2', '3', '2', '5', '1', '2', '12', '8'),
(58, 13, '2561', '1', '3', '1', '1', '651', '7', '12', '2'),
(59, 14, '2561', '2', '3', '1', '1', '1', '6', '11', '5'),
(60, 15, '2561', '1', '0', '5', '22', '-12', '2', '6', '5'),
(61, 16, '2561', '3', '0', '5', '710', '10', '9', '22', '8'),
(62, 17, '2561', '0', '0', '0', '0', '0', '883', '883', '0'),
(65, 18, '2561', '0', '0', '0', '0', '0', '987', '987', '0'),
(67, 19, '2561', '3', '0', '797', '34', '0', '21', '53', '35'),
(68, 20, '2561', '25', '0', '0', '0', '0', '0', '0', '0'),
(69, 1, '2562', '3', '5', '5', '3', '6', '64', '81', '15'),
(70, 2, '2562', '11', '9', '6', '25', '6', '48', '85', '37'),
(71, 3, '2562', '3', '4', '1', '727', '57', '20', '3', '3'),
(72, 4, '2562', '4', '5', '1', '3', '7', '8', '21', '9'),
(73, 5, '2562', '2', '3', '1', '1', '479', '387', '4', '3'),
(74, 6, '2562', '2', '3', '2', '3', '1', '20', '27', '10'),
(75, 7, '2562', '2', '3', '1', '3', '1', '5', '12', '8'),
(76, 8, '2562', '1', '2', '350', '624', '292', '-240', '2', '2'),
(77, 9, '2562', '1', '2', '1', '708', '636', '2', '6', '3'),
(78, 10, '2562', '3', '3', '2', '1', '936', '358', '4', '3'),
(79, 11, '2562', '9', '3', '3', '2', '4', '4', '7', '5'),
(80, 12, '2562', '2', '3', '2', '896', '1', '4', '9', '5'),
(81, 13, '2562', '1', '3', '966', '1', '1', '10', '15', '4'),
(82, 14, '2562', '2', '3', '2', '2', '382', '6', '12', '4'),
(83, 15, '2562', '2', '0', '5', '58', '1', '945', '5', '5'),
(84, 16, '2562', '2', '0', '4', '674', '6', '14', '22', '8'),
(85, 17, '2562', '0', '0', '0', '0', '0', '883', '883', '0'),
(88, 18, '2562', '0', '0', '0', '0', '0', '987', '987', '0'),
(90, 19, '2562', '3', '0', '1', '33', '2', '17', '51', '28'),
(91, 20, '2562', '19', '0', '0', '19', '0', '0', '0', '0'),
(92, 21, '2559', '0', '0', '0', '0', '0', '0', '0', '0'),
(93, 1, '2563', '3', '5', '4', '3', '3', '66', '79', '0'),
(94, 2, '2563', '11', '8', '6', '29', '6', '48', '88', '0'),
(95, 3, '2563', '3', '3', '1', '811', '149', '64', '3', '0'),
(96, 4, '2563', '5', '5', '2', '3', '5', '11', '23', '0'),
(97, 5, '2563', '2', '3', '1', '2', '2', '786', '7', '0'),
(98, 6, '2563', '3', '3', '2', '3', '1', '17', '24', '0'),
(99, 7, '2563', '2', '2', '1', '2', '1', '3', '10', '0'),
(100, 8, '2563', '3', '2', '350', '1', '1', '-12', '2', '0'),
(101, 9, '2563', '1', '2', '1', '592', '501', '2', '6', '0'),
(102, 10, '2563', '3', '3', '1', '1', '374', '1', '4', '0'),
(103, 11, '2563', '8', '3', '2', '1', '8', '2', '8', '0'),
(104, 12, '2563', '2', '3', '1', '1', '2', '4', '11', '0'),
(105, 13, '2563', '1', '3', '858', '858', '450', '11', '15', '0'),
(106, 14, '2563', '2', '3', '2', '2', '1', '7', '14', '0'),
(107, 15, '2563', '3', '0', '4', '47', '1', '-191', '2', '0'),
(108, 16, '2563', '2', '0', '3', '1', '5', '13', '21', '0'),
(109, 17, '2563', '0', '0', '0', '0', '0', '883', '883', '0'),
(112, 18, '2563', '0', '0', '0', '0', '0', '987', '987', '0'),
(114, 19, '2563', '3', '0', '480', '27', '14', '23', '62', '0'),
(115, 20, '2563', '25', '0', '0', '18', '7', '0', '0', '0');

-- --------------------------------------------------------

--
-- Table structure for table `rev_total_prevyear`
--

CREATE TABLE `rev_total_prevyear` (
  `ID` int(10) NOT NULL,
  `FK_CORE_DEPARTMENT` int(10) DEFAULT NULL,
  `PrevYear` varchar(4) DEFAULT NULL COMMENT 'ปีงบประมาณก่อนหน้า',
  `Operate_Undergrad` decimal(10,0) DEFAULT NULL COMMENT 'งบดำเนินงาน (ป.ตรี)',
  `Invest_Undergrad` decimal(10,0) DEFAULT NULL COMMENT 'งบลงทุน/ครุภัณฑ์ (ป.ตรี)',
  `Operate_Grad` decimal(10,0) DEFAULT NULL COMMENT 'งบดำเนินงาน (บัณฑิต)',
  `Invest_Grad` decimal(10,0) DEFAULT NULL COMMENT 'งบลงทุน/ครุภัณฑ์ (บัณฑิต)'
) ENGINE=InnoDB DEFAULT CHARSET=utf8mb4;

--
-- Dumping data for table `rev_total_prevyear`
--

INSERT INTO `rev_total_prevyear` (`ID`, `FK_CORE_DEPARTMENT`, `PrevYear`, `Operate_Undergrad`, `Invest_Undergrad`, `Operate_Grad`, `Invest_Grad`) VALUES
(1, 1, '2558', '702', '381', '5', '67'),
(2, 2, '2558', '5', '1', '3', '620'),
(3, 3, '2558', '87', '0', '82', '0'),
(4, 4, '2558', '931', '100', '2', '0'),
(5, 5, '2558', '137', '5', '198', '1'),
(6, 6, '2558', '791', '395', '1', '37'),
(7, 7, '2558', '2', '10', '3', '3'),
(8, 8, '2558', '203', '45', '0', '0'),
(9, 9, '2558', '297', '5', '16', '0'),
(10, 10, '2558', '498', '23', '545', '200'),
(11, 11, '2558', '275', '105', '163', '205'),
(12, 12, '2558', '847', '510', '1', '0'),
(13, 13, '2558', '761', '25', '878', '0'),
(14, 14, '2558', '37', '234', '818', '3'),
(15, 15, '2558', '0', '0', '1', '76'),
(16, 16, '2558', '0', '0', '5', '0'),
(17, 17, '2558', '0', '0', '0', '0'),
(20, 18, '2558', '0', '0', '0', '0'),
(22, 19, '2558', '0', '0', '8', '2'),
(23, 1, '2559', '3', '40', '4', '1'),
(24, 2, '2559', '8', '1', '1', '2'),
(25, 3, '2559', '234', '54', '23', '0'),
(26, 4, '2559', '2', '139', '845', '0'),
(27, 5, '2559', '23', '28', '18', '74'),
(28, 6, '2559', '490', '17', '1', '16'),
(29, 7, '2559', '1', '10', '2', '0'),
(30, 8, '2559', '-3', '97', '0', '0'),
(31, 9, '2559', '18', '15', '555', '39'),
(32, 10, '2559', '296', '43', '45', '220'),
(33, 11, '2559', '333', '6', '1', '2'),
(34, 12, '2559', '141', '0', '1', '0'),
(35, 13, '2559', '176', '46', '425', '2'),
(36, 14, '2559', '174', '47', '825', '257'),
(37, 15, '2559', '0', '0', '-42', '30'),
(38, 16, '2559', '0', '0', '10', '450'),
(39, 17, '2559', '0', '0', '0', '0'),
(42, 18, '2559', '0', '0', '0', '0'),
(44, 19, '2559', '0', '0', '0', '0'),
(45, 20, '2559', '0', '0', '0', '0'),
(46, 20, '2558', '0', '0', '0', '0'),
(47, 1, '2560', '2', '70', '4', '7'),
(48, 2, '2560', '5', '160', '157', '340'),
(49, 3, '2560', '41', '7', '8', '0'),
(50, 4, '2560', '4', '1', '701', '0'),
(51, 5, '2560', '311', '197', '167', '0'),
(52, 6, '2560', '453', '176', '315', '182'),
(53, 7, '2560', '961', '25', '402', '0'),
(54, 8, '2560', '271', '21', '0', '0'),
(55, 9, '2560', '547', '2', '88', '0'),
(56, 10, '2560', '586', '23', '260', '65'),
(57, 11, '2560', '272', '22', '3', '1'),
(58, 12, '2560', '575', '123', '997', '0'),
(59, 13, '2560', '862', '1', '160', '1'),
(60, 14, '2560', '55', '8', '315', '3'),
(61, 15, '2560', '0', '0', '1', '0'),
(62, 16, '2560', '0', '0', '6', '14'),
(63, 17, '2560', '0', '0', '0', '0'),
(66, 18, '2560', '0', '0', '0', '0'),
(68, 19, '2560', '0', '0', '2', '1'),
(69, 20, '2560', '0', '0', '0', '0'),
(70, 1, '2561', '0', '0', '0', '0'),
(71, 1, '2561', '799', '42', '2', '160'),
(72, 2, '2561', '1', '3', '630', '1'),
(73, 3, '2561', '44', '5', '99', '0'),
(74, 4, '2561', '3', '36', '2', '0'),
(75, 5, '2561', '384', '1', '157', '0'),
(76, 6, '2561', '555', '35', '671', '172'),
(77, 7, '2561', '1', '102', '721', '0'),
(78, 8, '2561', '423', '731', '0', '0'),
(79, 9, '2561', '218', '7', '276', '0'),
(80, 10, '2561', '217', '12', '132', '11'),
(81, 11, '2561', '815', '5', '1', '10'),
(82, 12, '2561', '813', '166', '1', '0'),
(83, 13, '2561', '341', '50', '59', '0'),
(84, 14, '2561', '606', '41', '488', '50'),
(85, 15, '2561', '0', '0', '1', '0'),
(86, 16, '2561', '0', '0', '5', '0'),
(87, 17, '2561', '0', '0', '0', '0'),
(90, 18, '2561', '0', '0', '0', '0'),
(92, 19, '2561', '0', '0', '14', '15'),
(93, 20, '2561', '7', '0', '0', '0');

-- --------------------------------------------------------

--
-- Table structure for table `typeuser`
--

CREATE TABLE `typeuser` (
  `No` int(1) NOT NULL,
  `Name of type` varchar(50) DEFAULT NULL
) ENGINE=InnoDB DEFAULT CHARSET=utf8mb4;

--
-- Dumping data for table `typeuser`
--

INSERT INTO `typeuser` (`No`, `Name of type`) VALUES
(0, 'ผู้ดูแลระบบ'),
(1, 'อาจารย์'),
(2, 'เจ้าหน้าที่ภาควิชาฯ'),
(3, 'เจ้าหน้าที่ฝ่าย/งาน');

--
-- Indexes for dumped tables
--

--
-- Indexes for table `core_category`
--
ALTER TABLE `core_category`
  ADD PRIMARY KEY (`id`);

--
-- Indexes for table `core_category_cost`
--
ALTER TABLE `core_category_cost`
  ADD PRIMARY KEY (`id`),
  ADD KEY `FK_CORE_CATEGORY` (`FK_CORE_CATEGORY`);

--
-- Indexes for table `core_department`
--
ALTER TABLE `core_department`
  ADD PRIMARY KEY (`id`);

--
-- Indexes for table `core_faction`
--
ALTER TABLE `core_faction`
  ADD PRIMARY KEY (`id`);

--
-- Indexes for table `core_ftes`
--
ALTER TABLE `core_ftes`
  ADD PRIMARY KEY (`id`),
  ADD KEY `FK1-CORE_FTES-FK_CORE_DEPARTMENT` (`FK_CORE_DEPARTMENT`);

--
-- Indexes for table `core_ftesd`
--
ALTER TABLE `core_ftesd`
  ADD PRIMARY KEY (`id`) USING BTREE,
  ADD KEY `FK1-CORE_FTESSD-FK_CORE_DEPARTMENT` (`FK_CORE_DEPARTMENT`) USING BTREE;

--
-- Indexes for table `core_ftesm`
--
ALTER TABLE `core_ftesm`
  ADD PRIMARY KEY (`id`) USING BTREE,
  ADD KEY `FK1-CORE_FTESSM-FK_CORE_DEPARTMENT` (`FK_CORE_DEPARTMENT`) USING BTREE;

--
-- Indexes for table `core_mission`
--
ALTER TABLE `core_mission`
  ADD PRIMARY KEY (`id`);

--
-- Indexes for table `core_program`
--
ALTER TABLE `core_program`
  ADD PRIMARY KEY (`id`),
  ADD KEY `FK__core_department` (`core_dept`);

--
-- Indexes for table `core_student_amount`
--
ALTER TABLE `core_student_amount`
  ADD PRIMARY KEY (`id`),
  ADD KEY `FK_CORE_STUDENT_AMOUNT_core_department` (`FK_CORE_DEPARTMENT`),
  ADD KEY `FK_CORE_STUDENT_AMOUNT_core_program` (`FK_CORE_PROGRAM`);


--
-- Indexes for table `core_user`
--
ALTER TABLE `core_user`
  ADD PRIMARY KEY (`id`),
  ADD KEY `FK_core_user_typeuser` (`type`);

--
-- Indexes for table `core_user_department`
--
ALTER TABLE `core_user_department`
  ADD PRIMARY KEY (`id`),
  ADD KEY `FK-2` (`FK_CORE_USER`),
  ADD KEY `FK_1_core_department` (`FK_CORE_DEPARTMENT`);

--
-- Indexes for table `core_user_faction`
--
ALTER TABLE `core_user_faction`
  ADD PRIMARY KEY (`id`),
  ADD KEY `FK_CORE_WORK` (`FK_CORE_WORK`),
  ADD KEY `FK_CORE_FACTION` (`FK_CORE_FACTION`),
  ADD KEY `FK_CORE_USER-1` (`FK_CORE_USER`);

--
-- Indexes for table `core_work`
--
ALTER TABLE `core_work`
  ADD PRIMARY KEY (`id`),
  ADD KEY `FK_CORE_FACTION1` (`FK_CORE_FACTION`);

--
-- Indexes for table `dean_budget`
--
ALTER TABLE `dean_budget`
  ADD PRIMARY KEY (`id`),
  ADD KEY `DEAN_BUDGET-FK_DEAN_PROJECT` (`FK_DEAN_PROJECT`),
  ADD KEY `DEAN_BUDGET-FK_CORE_CATEGORY` (`FK_CORE_CATEGORY`),
  ADD KEY `DEAN_BUDGET-FK_CORE_CATEGORY_COST` (`FK_CORE_CATEGORY_COST`);

--
-- Indexes for table `dean_budget_file`
--
ALTER TABLE `dean_budget_file`
  ADD PRIMARY KEY (`id`),
  ADD KEY `FK__dean_project` (`FK_DEAN_PROJECT`);

--
-- Indexes for table `dean_district`
--
ALTER TABLE `dean_district`
  ADD PRIMARY KEY (`id`) USING BTREE,
  ADD KEY `FK1-FK_DEAN_GRADUATE` (`FK_DEAN_GRADUATE`) USING BTREE;

--
-- Indexes for table `dean_graduate`
--
ALTER TABLE `dean_graduate`
  ADD PRIMARY KEY (`id`),
  ADD KEY `FK_dean_graduate_core_work` (`FK_CORE_WORK`);

--
-- Indexes for table `dean_project`
--
ALTER TABLE `dean_project`
  ADD PRIMARY KEY (`id`),
  ADD KEY `FK11-FK_DEAN_GRADUATE` (`FK_DEAN_GRADUATE`),
  ADD KEY `FK2-FK_DEAN_DISTRICT` (`FK_DEAN_DISTRICT`),
  ADD KEY `FK3-FK_CORE_FACTION` (`FK_CORE_FACTION`),
  ADD KEY `FK4-FK_CORE_WORK` (`FK_CORE_WORK`),
  ADD KEY `FK5-FK_CORE_MISSION` (`FK_CORE_MISSION`);

--
-- Indexes for table `dean_project_name`
--
ALTER TABLE `dean_project_name`
  ADD PRIMARY KEY (`id`),
  ADD KEY `FK__core_mission` (`FK_CORE_MISSION`);

--
-- Indexes for table `dean_resource`
--
ALTER TABLE `dean_resource`
  ADD PRIMARY KEY (`id`),
  ADD KEY `FK_dean_resource_dean_project` (`FK_DEAN_PROJECT`);

--
-- Indexes for table `dean_strategy_faculty`
--
ALTER TABLE `dean_strategy_faculty`
  ADD PRIMARY KEY (`id`) USING BTREE;

--
-- Indexes for table `dean_strategy_goal`
--
ALTER TABLE `dean_strategy_goal`
  ADD PRIMARY KEY (`id`) USING BTREE,
  ADD KEY `FK1-FK_DEAN_STRATEGY_FACULTY` (`FK_DEAN_STRATEGY_FACULTY`) USING BTREE;

--
-- Indexes for table `dean_strategy_kpi`
--
ALTER TABLE `dean_strategy_kpi`
  ADD PRIMARY KEY (`id`) USING BTREE,
  ADD KEY `FK1-FK_DEAN_STRATEGY_GOAL` (`FK_DEAN_STRATEGY_GOAL`) USING BTREE;

--
-- Indexes for table `dept_budget`
--
ALTER TABLE `dept_budget`
  ADD PRIMARY KEY (`id`) USING BTREE,
  ADD KEY `DEPT_BUDGET-FK_DEPT_PROJECT` (`FK_DEPT_PROJECT`) USING BTREE,
  ADD KEY `DEPT_BUDGET-FK_CORE_CATEGORY` (`FK_CORE_CATEGORY`) USING BTREE,
  ADD KEY `DEPT_BUDGET-FK_CORE_CATEGORY_COST` (`FK_CORE_CATEGORY_COST`) USING BTREE;

--
-- Indexes for table `dept_budget_file`
--
ALTER TABLE `dept_budget_file`
  ADD PRIMARY KEY (`id`) USING BTREE,
  ADD KEY `FK__DEPT_PROJECT` (`FK_DEPT_PROJECT`) USING BTREE;

--
-- Indexes for table `dept_district`
--
ALTER TABLE `dept_district`
  ADD PRIMARY KEY (`id`) USING BTREE,
  ADD KEY `FK1-FK_DEPT_GRADUATE` (`FK_DEPT_GRADUATE`) USING BTREE;

--
-- Indexes for table `dept_graduate`
--
ALTER TABLE `dept_graduate`
  ADD PRIMARY KEY (`id`),
  ADD KEY `FK1-FK_CORE_DEPARTMENT` (`FK_CORE_DEPARTMENT`);

--
-- Indexes for table `dept_project`
--
ALTER TABLE `dept_project`
  ADD PRIMARY KEY (`id`) USING BTREE,
  ADD KEY `FK11-FK_DEPT_GRADUATE` (`FK_DEPT_GRADUATE`) USING BTREE,
  ADD KEY `FK2-FK_DEPT_DISTRICT` (`FK_DEPT_DISTRICT`) USING BTREE,
  ADD KEY `FK-FK_CORE_DEPARTMENT` (`FK_CORE_DEPARTMENT`) USING BTREE,
  ADD KEY `FK-FK_CORE_MISSION` (`FK_CORE_MISSION`) USING BTREE;

--
-- Indexes for table `dept_project_name`
--
ALTER TABLE `dept_project_name`
  ADD PRIMARY KEY (`id`) USING BTREE,
  ADD KEY `FK_dept_core_mission` (`FK_CORE_MISSION`) USING BTREE;

--
-- Indexes for table `dept_resource`
--
ALTER TABLE `dept_resource`
  ADD PRIMARY KEY (`id`) USING BTREE,
  ADD KEY `FK_DEPT_resource_DEPT_project` (`FK_DEPT_PROJECT`) USING BTREE;

--
-- Indexes for table `dept_strategy_faculty`
--
ALTER TABLE `dept_strategy_faculty`
  ADD PRIMARY KEY (`id`) USING BTREE;

--
-- Indexes for table `dept_strategy_goal`
--
ALTER TABLE `dept_strategy_goal`
  ADD PRIMARY KEY (`id`) USING BTREE,
  ADD KEY `FK1-FK_DEPT_STRATEGY_FACULTY` (`FK_DEPT_STRATEGY_FACULTY`) USING BTREE;

--
-- Indexes for table `dept_strategy_kpi`
--
ALTER TABLE `dept_strategy_kpi`
  ADD PRIMARY KEY (`id`) USING BTREE,
  ADD KEY `FK1-FK_DEPT_STRATEGY_GOAL` (`FK_DEPT_STRATEGY_GOAL`) USING BTREE;

--
-- Indexes for table `profeser`
--
ALTER TABLE `profeser`
  ADD PRIMARY KEY (`user_id`);

--
-- Indexes for table `rev_allocate_graduate`
--
ALTER TABLE `rev_allocate_graduate`
  ADD PRIMARY KEY (`ID`);

--
-- Indexes for table `rev_allocate_under`
--
ALTER TABLE `rev_allocate_under`
  ADD PRIMARY KEY (`id`) USING BTREE;

--
-- Indexes for table `rev_allo_graduate`
--
ALTER TABLE `rev_allo_graduate`
  ADD PRIMARY KEY (`ID`),
  ADD KEY `FK21` (`FK_REV_ALLOCATE_GRADUATE`),
  ADD KEY `FK__core_department-1` (`FK_CORE_DEPARTMENT`);

--
-- Indexes for table `rev_allo_under`
--
ALTER TABLE `rev_allo_under`
  ADD PRIMARY KEY (`ID`),
  ADD KEY `FK__1core_department` (`FK_CORE_DEPARTMENT`),
  ADD KEY `FK_rev_allo_under_rev_allocate_under` (`FK_REV_ALLOCATE_UNDER`);

--
-- Indexes for table `rev_cost`
--
ALTER TABLE `rev_cost`
  ADD PRIMARY KEY (`ID`),
  ADD KEY `FK__core_department-REV_COST` (`FK_CORE_DEPARTMENT`),
  ADD KEY `FK_rev_cost_rev_cost_description` (`FK_REV_COST_DESCRIPTION`);

--
-- Indexes for table `rev_cost_description`
--
ALTER TABLE `rev_cost_description`
  ADD PRIMARY KEY (`ID`);

--
-- Indexes for table `rev_incomedean_allocation`
--
ALTER TABLE `rev_incomedean_allocation`
  ADD PRIMARY KEY (`ID`),
  ADD KEY `--` (`FK_CORE_DEPARTMENT`),
  ADD KEY `FK_resv_incomedean_]allocation_description` (`FK_REV_INCOME_ALLOCATION _DESCRIPTION`);

--
-- Indexes for table `rev_incomedean_allocation_description`
--
ALTER TABLE `rev_incomedean_allocation_description`
  ADD PRIMARY KEY (`ID`),
  ADD KEY `33` (`FK_DEAN_STRATEGY_FACULTY`),
  ADD KEY `44` (`FK_DEAN_STRATEGY_GOAL`),
  ADD KEY `55` (`FK_DEAN_STRATEGY_KPI`);

--
-- Indexes for table `rev_incomedean_graduate`
--
ALTER TABLE `rev_incomedean_graduate`
  ADD PRIMARY KEY (`ID`),
  ADD KEY `FK__core_faction` (`FK_CORE_FACT`),
  ADD KEY `FK__core_work` (`FK_CORE_WORK`),
  ADD KEY `FK__rev_incomedean_graduate_description` (`FK_REV_INCOMEDEAN_GRADUATE_DESCRIPTION`);

--
-- Indexes for table `rev_incomedean_graduate_description`
--
ALTER TABLE `rev_incomedean_graduate_description`
  ADD PRIMARY KEY (`ID`) USING BTREE,
  ADD KEY `FK_rev_incomedean_graduate_description_dean_strategy_faculty` (`FK_DEAN_STRATEGY_FACULTY`),
  ADD KEY `FK_rev_incomedean_graduate_description_dean_strategy_goal` (`FK_DEAN_STRATEGY_GOAL`),
  ADD KEY `FK_rev_incomedean_graduate_description_dean_strategy_kpi` (`FK_DEAN_STRATEGY_KPI`);

--
-- Indexes for table `rev_incomedean_other`
--
ALTER TABLE `rev_incomedean_other`
  ADD PRIMARY KEY (`ID`),
  ADD KEY `FK__core_faction1` (`FK_CORE_FACT`),
  ADD KEY `FK__core_work1` (`FK_CORE_WORK`),
  ADD KEY `FK__rev_ incomedean_other _description1` (`FK_ REV_INCOMEDEAN_OTHER_DESCRIPTION`);

--
-- Indexes for table `rev_incomedean_other_description`
--
ALTER TABLE `rev_incomedean_other_description`
  ADD PRIMARY KEY (`ID`) USING BTREE;

--
-- Indexes for table `rev_ incomedean_other _description`
--
ALTER TABLE `rev_ incomedean_other _description`
  ADD PRIMARY KEY (`ID`) USING BTREE,
  ADD KEY `FK_rev_ incomedean_other _description_dean_strategy_faculty` (`FK_DEAN_STRATEGY_FACULTY`),
  ADD KEY `FK_rev_ incomedean_other _description_dean_strategy_goal` (`FK_DEAN_STRATEGY_GOAL`),
  ADD KEY `FK_rev_ incomedean_other _description_dean_strategy_kpi` (`FK_DEAN_STRATEGY_KPI`);

--
-- Indexes for table `rev_incomedean_under`
--
ALTER TABLE `rev_incomedean_under`
  ADD PRIMARY KEY (`ID`),
  ADD KEY `1` (`FK_CORE_FACT`),
  ADD KEY `2` (`FK_CORE_WORK`),
  ADD KEY `3` (`FK_ REV_INCOMEDEAN_UNDER_DESCRIPTION`);

--
-- Indexes for table `rev_incomedean_under_description`
--
ALTER TABLE `rev_incomedean_under_description`
  ADD PRIMARY KEY (`ID`) USING BTREE,
  ADD KEY `12` (`FK_DEAN_STRATEGY_FACULTY`),
  ADD KEY `23` (`FK_DEAN_STRATEGY_GOAL`),
  ADD KEY `34` (`FK_DEAN_STRATEGY_KPI`);

--
-- Indexes for table `rev_incomedept_graduate`
--
ALTER TABLE `rev_incomedept_graduate`
  ADD PRIMARY KEY (`ID`) USING BTREE,
  ADD KEY `FK1-20FK_CORE_DEPARTMENT` (`FK_CORE_DEPARTMENT`) USING BTREE,
  ADD KEY `FK2-21-FK_REV_INCOME_DESCRIPTION` (`REV_INCOMEDEPT_GRADUATE_DESCRIPTION`) USING BTREE,
  ADD KEY `FK_rev_incomedept_graduate_dept_graduate` (`FK_DEPT_GRADUATE`);

--
-- Indexes for table `rev_incomedept_graduate_description`
--
ALTER TABLE `rev_incomedept_graduate_description`
  ADD PRIMARY KEY (`ID`) USING BTREE,
  ADD KEY `FK1-DIS` (`FK_DEPT_STRATEGY_FACULTY`),
  ADD KEY `FK2-DIS` (`FK_DEPT_STRATEGY_GOAL`),
  ADD KEY `FK3-DIS` (`FK_DEPT_STRATEGY_KPI`);

--
-- Indexes for table `rev_incomedept_graduate_file`
--
ALTER TABLE `rev_incomedept_graduate_file`
  ADD PRIMARY KEY (`id`),
  ADD KEY `FK_rev_incomedept_graduate_file_rev_incomedept_graduate` (`FK_REV_INCOMEDEPT_GRADUATE`);

--
-- Indexes for table `rev_incomedept_other`
--
ALTER TABLE `rev_incomedept_other`
  ADD PRIMARY KEY (`ID`),
  ADD KEY `FK1---FK_CORE_DEPARTMENT` (`FK_CORE_DEPARTMENT`),
  ADD KEY `FK2---FK_REV_INCOME_DESCRIPTION` (`REV_INCOMEDEPT_OTHER_DESCRIPTION`) USING BTREE,
  ADD KEY `FK-in_rev_incomedept_other_dept_graduate` (`FK_DEPT_GRADUATE`);

--
-- Indexes for table `rev_ incomedept_other_description`
--
ALTER TABLE `rev_ incomedept_other_description`
  ADD PRIMARY KEY (`ID`) USING BTREE,
  ADD KEY `dis-other-fac` (`FK_DEPT_STRATEGY_FACULTY`),
  ADD KEY `dis-other-goal` (`FK_DEPT_STRATEGY_GOAL`),
  ADD KEY `dis-other-kpi` (`FK_DEPT_STRATEGY_KPI`);

--
-- Indexes for table `rev_incomedept_other_file`
--
ALTER TABLE `rev_incomedept_other_file`
  ADD PRIMARY KEY (`id`) USING BTREE,
  ADD KEY `FK_rev_incomedept_other_file_rev_incomedept_other` (`FK_REV_INCOMEDEPT_OTHER`);

--
-- Indexes for table `rev_incomedept_under`
--
ALTER TABLE `rev_incomedept_under`
  ADD PRIMARY KEY (`ID`) USING BTREE,
  ADD KEY `FK1---FK_CORE_DEPARTMENT` (`FK_CORE_DEPARTMENT`) USING BTREE,
  ADD KEY `FK2---FK_REV_INCOME_DESCRIPTION` (`REV_INCOMEDEPT_UNDER_DESCRIPTION`) USING BTREE,
  ADD KEY `FK_rev_incomedept_under_dept_graduate` (`FK_DEPT_GRADUATE`);

--
-- Indexes for table `rev_incomedept_under_description`
--
ALTER TABLE `rev_incomedept_under_description`
  ADD PRIMARY KEY (`ID`) USING BTREE,
  ADD KEY `FK_rev_incomedept_under_description_dept_strategy_faculty` (`FK_DEPT_STRATEGY_FACULTY`),
  ADD KEY `FK_rev_incomedept_under_description_dept_strategy_goal` (`FK_DEPT_STRATEGY_GOAL`),
  ADD KEY `FK_rev_incomedept_under_description_dept_strategy_kpi` (`FK_DEPT_STRATEGY_KPI`);

--
-- Indexes for table `rev_incomedept_under_file`
--
ALTER TABLE `rev_incomedept_under_file`
  ADD PRIMARY KEY (`id`) USING BTREE,
  ADD KEY `FK_rev_incomedept_under_file_rev_incomedept_under` (`FK_REV_INCOMEDEPT_UNDER`);

--
-- Indexes for table `rev_summary`
--
ALTER TABLE `rev_summary`
  ADD PRIMARY KEY (`ID`),
  ADD KEY `FK1-2152` (`FK_CORE_DEPARTMENT`);

--
-- Indexes for table `rev_total_prevyear`
--
ALTER TABLE `rev_total_prevyear`
  ADD PRIMARY KEY (`ID`),
  ADD KEY `FK1--FK_CORE_DEPARTMENT` (`FK_CORE_DEPARTMENT`);

--
-- Indexes for table `typeuser`
--
ALTER TABLE `typeuser`
  ADD PRIMARY KEY (`No`);

--
-- AUTO_INCREMENT for dumped tables
--

--
-- AUTO_INCREMENT for table `core_category`
--
ALTER TABLE `core_category`
  MODIFY `id` int(10) NOT NULL AUTO_INCREMENT, AUTO_INCREMENT=7;

--
-- AUTO_INCREMENT for table `core_category_cost`
--
ALTER TABLE `core_category_cost`
  MODIFY `id` int(10) NOT NULL AUTO_INCREMENT, AUTO_INCREMENT=218;

--
-- AUTO_INCREMENT for table `core_department`
--
ALTER TABLE `core_department`
  MODIFY `id` int(10) NOT NULL AUTO_INCREMENT, AUTO_INCREMENT=22;

--
-- AUTO_INCREMENT for table `core_faction`
--
ALTER TABLE `core_faction`
  MODIFY `id` int(10) NOT NULL AUTO_INCREMENT, AUTO_INCREMENT=6;

--
-- AUTO_INCREMENT for table `core_ftes`
--
ALTER TABLE `core_ftes`
  MODIFY `id` int(10) NOT NULL AUTO_INCREMENT, AUTO_INCREMENT=91;

--
-- AUTO_INCREMENT for table `core_ftesd`
--
ALTER TABLE `core_ftesd`
  MODIFY `id` int(10) NOT NULL AUTO_INCREMENT;

--
-- AUTO_INCREMENT for table `core_ftesm`
--
ALTER TABLE `core_ftesm`
  MODIFY `id` int(10) NOT NULL AUTO_INCREMENT;

--
-- AUTO_INCREMENT for table `core_mission`
--
ALTER TABLE `core_mission`
  MODIFY `id` int(10) NOT NULL AUTO_INCREMENT, AUTO_INCREMENT=6;

--
-- AUTO_INCREMENT for table `core_program`
--
ALTER TABLE `core_program`
  MODIFY `id` int(10) NOT NULL AUTO_INCREMENT, AUTO_INCREMENT=42;

--
-- AUTO_INCREMENT for table `core_student_amount`
--
ALTER TABLE `core_student_amount`
  MODIFY `id` int(11) NOT NULL AUTO_INCREMENT, AUTO_INCREMENT=165;

--
-- AUTO_INCREMENT for table `core_user`
--
ALTER TABLE `core_user`
  MODIFY `id` int(10) NOT NULL AUTO_INCREMENT, AUTO_INCREMENT=11;

--
-- AUTO_INCREMENT for table `core_user_department`
--
ALTER TABLE `core_user_department`
  MODIFY `id` int(10) NOT NULL AUTO_INCREMENT;

--
-- AUTO_INCREMENT for table `core_user_faction`
--
ALTER TABLE `core_user_faction`
  MODIFY `id` int(10) NOT NULL AUTO_INCREMENT;

--
-- AUTO_INCREMENT for table `core_work`
--
ALTER TABLE `core_work`
  MODIFY `id` int(10) NOT NULL AUTO_INCREMENT, AUTO_INCREMENT=8;

--
-- AUTO_INCREMENT for table `dean_budget`
--
ALTER TABLE `dean_budget`
  MODIFY `id` int(10) NOT NULL AUTO_INCREMENT, AUTO_INCREMENT=24;

--
-- AUTO_INCREMENT for table `dean_budget_file`
--
ALTER TABLE `dean_budget_file`
  MODIFY `id` int(10) NOT NULL AUTO_INCREMENT;

--
-- AUTO_INCREMENT for table `dean_district`
--
ALTER TABLE `dean_district`
  MODIFY `id` int(10) NOT NULL AUTO_INCREMENT, AUTO_INCREMENT=41;

--
-- AUTO_INCREMENT for table `dean_graduate`
--
ALTER TABLE `dean_graduate`
  MODIFY `id` int(10) NOT NULL AUTO_INCREMENT, AUTO_INCREMENT=18;

--
-- AUTO_INCREMENT for table `dean_project`
--
ALTER TABLE `dean_project`
  MODIFY `id` int(10) NOT NULL AUTO_INCREMENT, AUTO_INCREMENT=5;

--
-- AUTO_INCREMENT for table `dean_project_name`
--
ALTER TABLE `dean_project_name`
  MODIFY `id` int(10) NOT NULL AUTO_INCREMENT, AUTO_INCREMENT=34;

--
-- AUTO_INCREMENT for table `dean_resource`
--
ALTER TABLE `dean_resource`
  MODIFY `id` int(11) NOT NULL AUTO_INCREMENT, AUTO_INCREMENT=7;

--
-- AUTO_INCREMENT for table `dean_strategy_faculty`
--
ALTER TABLE `dean_strategy_faculty`
  MODIFY `id` int(10) NOT NULL AUTO_INCREMENT, AUTO_INCREMENT=4;

--
-- AUTO_INCREMENT for table `dean_strategy_goal`
--
ALTER TABLE `dean_strategy_goal`
  MODIFY `id` int(10) NOT NULL AUTO_INCREMENT, AUTO_INCREMENT=17;

--
-- AUTO_INCREMENT for table `dean_strategy_kpi`
--
ALTER TABLE `dean_strategy_kpi`
  MODIFY `id` int(10) NOT NULL AUTO_INCREMENT, AUTO_INCREMENT=97;

--
-- AUTO_INCREMENT for table `dept_budget`
--
ALTER TABLE `dept_budget`
  MODIFY `id` int(10) NOT NULL AUTO_INCREMENT, AUTO_INCREMENT=63;

--
-- AUTO_INCREMENT for table `dept_budget_file`
--
ALTER TABLE `dept_budget_file`
  MODIFY `id` int(10) NOT NULL AUTO_INCREMENT;

--
-- AUTO_INCREMENT for table `dept_district`
--
ALTER TABLE `dept_district`
  MODIFY `id` int(10) NOT NULL AUTO_INCREMENT, AUTO_INCREMENT=135;

--
-- AUTO_INCREMENT for table `dept_graduate`
--
ALTER TABLE `dept_graduate`
  MODIFY `id` int(10) NOT NULL AUTO_INCREMENT, AUTO_INCREMENT=82;

--
-- AUTO_INCREMENT for table `dept_project`
--
ALTER TABLE `dept_project`
  MODIFY `id` int(10) NOT NULL AUTO_INCREMENT, AUTO_INCREMENT=28;

--
-- AUTO_INCREMENT for table `dept_project_name`
--
ALTER TABLE `dept_project_name`
  MODIFY `id` int(10) NOT NULL AUTO_INCREMENT, AUTO_INCREMENT=22;

--
-- AUTO_INCREMENT for table `dept_resource`
--
ALTER TABLE `dept_resource`
  MODIFY `id` int(11) NOT NULL AUTO_INCREMENT, AUTO_INCREMENT=2;

--
-- AUTO_INCREMENT for table `dept_strategy_faculty`
--
ALTER TABLE `dept_strategy_faculty`
  MODIFY `id` int(10) NOT NULL AUTO_INCREMENT, AUTO_INCREMENT=4;

--
-- AUTO_INCREMENT for table `dept_strategy_goal`
--
ALTER TABLE `dept_strategy_goal`
  MODIFY `id` int(10) NOT NULL AUTO_INCREMENT, AUTO_INCREMENT=17;

--
-- AUTO_INCREMENT for table `dept_strategy_kpi`
--
ALTER TABLE `dept_strategy_kpi`
  MODIFY `id` int(10) NOT NULL AUTO_INCREMENT, AUTO_INCREMENT=50;

--
-- AUTO_INCREMENT for table `rev_allocate_under`
--
ALTER TABLE `rev_allocate_under`
  MODIFY `id` int(10) NOT NULL AUTO_INCREMENT, AUTO_INCREMENT=5;

--
-- AUTO_INCREMENT for table `rev_allo_graduate`
--
ALTER TABLE `rev_allo_graduate`
  MODIFY `ID` int(10) NOT NULL AUTO_INCREMENT, AUTO_INCREMENT=97;

--
-- AUTO_INCREMENT for table `rev_allo_under`
--
ALTER TABLE `rev_allo_under`
  MODIFY `ID` int(10) NOT NULL AUTO_INCREMENT, AUTO_INCREMENT=96;

--
-- AUTO_INCREMENT for table `rev_cost`
--
ALTER TABLE `rev_cost`
  MODIFY `ID` int(10) NOT NULL AUTO_INCREMENT;

--
-- AUTO_INCREMENT for table `rev_cost_description`
--
ALTER TABLE `rev_cost_description`
  MODIFY `ID` int(10) NOT NULL AUTO_INCREMENT;

--
-- AUTO_INCREMENT for table `rev_incomedean_allocation`
--
ALTER TABLE `rev_incomedean_allocation`
  MODIFY `ID` int(10) NOT NULL AUTO_INCREMENT;

--
-- AUTO_INCREMENT for table `rev_incomedean_allocation_description`
--
ALTER TABLE `rev_incomedean_allocation_description`
  MODIFY `ID` int(10) NOT NULL AUTO_INCREMENT;

--
-- AUTO_INCREMENT for table `rev_incomedean_graduate`
--
ALTER TABLE `rev_incomedean_graduate`
  MODIFY `ID` int(10) NOT NULL AUTO_INCREMENT;

--
-- AUTO_INCREMENT for table `rev_incomedean_graduate_description`
--
ALTER TABLE `rev_incomedean_graduate_description`
  MODIFY `ID` int(10) NOT NULL AUTO_INCREMENT;

--
-- AUTO_INCREMENT for table `rev_incomedean_other`
--
ALTER TABLE `rev_incomedean_other`
  MODIFY `ID` int(10) NOT NULL AUTO_INCREMENT;

--
-- AUTO_INCREMENT for table `rev_incomedean_other_description`
--
ALTER TABLE `rev_incomedean_other_description`
  MODIFY `ID` int(10) NOT NULL AUTO_INCREMENT;

--
-- AUTO_INCREMENT for table `rev_ incomedean_other _description`
--
ALTER TABLE `rev_ incomedean_other _description`
  MODIFY `ID` int(10) NOT NULL AUTO_INCREMENT;

--
-- AUTO_INCREMENT for table `rev_incomedean_under`
--
ALTER TABLE `rev_incomedean_under`
  MODIFY `ID` int(10) NOT NULL AUTO_INCREMENT;

--
-- AUTO_INCREMENT for table `rev_incomedean_under_description`
--
ALTER TABLE `rev_incomedean_under_description`
  MODIFY `ID` int(10) NOT NULL AUTO_INCREMENT;

--
-- AUTO_INCREMENT for table `rev_incomedept_graduate`
--
ALTER TABLE `rev_incomedept_graduate`
  MODIFY `ID` int(10) NOT NULL AUTO_INCREMENT;

--
-- AUTO_INCREMENT for table `rev_incomedept_graduate_description`
--
ALTER TABLE `rev_incomedept_graduate_description`
  MODIFY `ID` int(10) NOT NULL AUTO_INCREMENT;

--
-- AUTO_INCREMENT for table `rev_incomedept_graduate_file`
--
ALTER TABLE `rev_incomedept_graduate_file`
  MODIFY `id` int(10) NOT NULL AUTO_INCREMENT;

--
-- AUTO_INCREMENT for table `rev_incomedept_other`
--
ALTER TABLE `rev_incomedept_other`
  MODIFY `ID` int(10) NOT NULL AUTO_INCREMENT;

--
-- AUTO_INCREMENT for table `rev_ incomedept_other_description`
--
ALTER TABLE `rev_ incomedept_other_description`
  MODIFY `ID` int(10) NOT NULL AUTO_INCREMENT;

--
-- AUTO_INCREMENT for table `rev_incomedept_other_file`
--
ALTER TABLE `rev_incomedept_other_file`
  MODIFY `id` int(10) NOT NULL AUTO_INCREMENT;

--
-- AUTO_INCREMENT for table `rev_incomedept_under`
--
ALTER TABLE `rev_incomedept_under`
  MODIFY `ID` int(10) NOT NULL AUTO_INCREMENT;

--
-- AUTO_INCREMENT for table `rev_incomedept_under_description`
--
ALTER TABLE `rev_incomedept_under_description`
  MODIFY `ID` int(10) NOT NULL AUTO_INCREMENT;

--
-- AUTO_INCREMENT for table `rev_incomedept_under_file`
--
ALTER TABLE `rev_incomedept_under_file`
  MODIFY `id` int(10) NOT NULL AUTO_INCREMENT;

--
-- AUTO_INCREMENT for table `rev_summary`
--
ALTER TABLE `rev_summary`
  MODIFY `ID` int(10) NOT NULL AUTO_INCREMENT, AUTO_INCREMENT=116;

--
-- AUTO_INCREMENT for table `rev_total_prevyear`
--
ALTER TABLE `rev_total_prevyear`
  MODIFY `ID` int(10) NOT NULL AUTO_INCREMENT, AUTO_INCREMENT=94;

--
-- Constraints for dumped tables
--

--
-- Constraints for table `core_category_cost`
--
ALTER TABLE `core_category_cost`
  ADD CONSTRAINT `FK_CORE_CATEGORY` FOREIGN KEY (`FK_CORE_CATEGORY`) REFERENCES `core_category` (`id`) ON DELETE CASCADE ON UPDATE CASCADE;

--
-- Constraints for table `core_ftes`
--
ALTER TABLE `core_ftes`
  ADD CONSTRAINT `FK1-CORE_FTES-FK_CORE_DEPARTMENT` FOREIGN KEY (`FK_CORE_DEPARTMENT`) REFERENCES `core_department` (`id`) ON DELETE CASCADE ON UPDATE CASCADE;

--
-- Constraints for table `core_ftesd`
--
ALTER TABLE `core_ftesd`
  ADD CONSTRAINT `FK1-CORE_FTESSD-FK_CORE_DEPARTMENT` FOREIGN KEY (`FK_CORE_DEPARTMENT`) REFERENCES `core_department` (`id`) ON DELETE CASCADE ON UPDATE CASCADE;

--
-- Constraints for table `core_ftesm`
--
ALTER TABLE `core_ftesm`
  ADD CONSTRAINT `FK1-CORE_FTESSM-FK_CORE_DEPARTMENT` FOREIGN KEY (`FK_CORE_DEPARTMENT`) REFERENCES `core_department` (`id`) ON DELETE CASCADE ON UPDATE CASCADE;

--
-- Constraints for table `core_program`
--
ALTER TABLE `core_program`
  ADD CONSTRAINT `FK__core_department` FOREIGN KEY (`core_dept`) REFERENCES `core_department` (`id`) ON DELETE CASCADE ON UPDATE CASCADE;

--
-- Constraints for table `core_student_amount`
--
ALTER TABLE `core_student_amount`
  ADD CONSTRAINT `FK_CORE_STUDENT_AMOUNT_core_department` FOREIGN KEY (`FK_CORE_DEPARTMENT`) REFERENCES `core_department` (`id`) ON DELETE CASCADE ON UPDATE CASCADE,
  ADD CONSTRAINT `FK_CORE_STUDENT_AMOUNT_core_program` FOREIGN KEY (`FK_CORE_PROGRAM`) REFERENCES `core_program` (`id`) ON DELETE CASCADE ON UPDATE CASCADE;

--
-- Constraints for table `core_user`
--
ALTER TABLE `core_user`
  ADD CONSTRAINT `FK_core_user_typeuser` FOREIGN KEY (`type`) REFERENCES `typeuser` (`No`) ON DELETE CASCADE ON UPDATE CASCADE;

--
-- Constraints for table `core_user_department`
--
ALTER TABLE `core_user_department`
  ADD CONSTRAINT `FK-2` FOREIGN KEY (`FK_CORE_USER`) REFERENCES `core_user` (`id`) ON DELETE CASCADE ON UPDATE CASCADE,
  ADD CONSTRAINT `FK_1_core_department` FOREIGN KEY (`FK_CORE_DEPARTMENT`) REFERENCES `core_department` (`id`) ON DELETE CASCADE ON UPDATE CASCADE;

--
-- Constraints for table `core_user_faction`
--
ALTER TABLE `core_user_faction`
  ADD CONSTRAINT `FK_CORE_FACTION` FOREIGN KEY (`FK_CORE_FACTION`) REFERENCES `core_faction` (`id`) ON DELETE CASCADE ON UPDATE CASCADE,
  ADD CONSTRAINT `FK_CORE_USER-1` FOREIGN KEY (`FK_CORE_USER`) REFERENCES `core_user` (`id`) ON DELETE CASCADE ON UPDATE CASCADE,
  ADD CONSTRAINT `FK_CORE_WORK` FOREIGN KEY (`FK_CORE_WORK`) REFERENCES `core_work` (`id`) ON DELETE CASCADE ON UPDATE CASCADE;

--
-- Constraints for table `core_work`
--
ALTER TABLE `core_work`
  ADD CONSTRAINT `FK_CORE_FACTION1` FOREIGN KEY (`FK_CORE_FACTION`) REFERENCES `core_faction` (`id`) ON DELETE CASCADE ON UPDATE CASCADE;

--
-- Constraints for table `dean_budget`
--
ALTER TABLE `dean_budget`
  ADD CONSTRAINT `DEAN_BUDGET-FK_CORE_CATEGORY` FOREIGN KEY (`FK_CORE_CATEGORY`) REFERENCES `core_category` (`id`) ON DELETE CASCADE ON UPDATE CASCADE,
  ADD CONSTRAINT `DEAN_BUDGET-FK_CORE_CATEGORY_COST` FOREIGN KEY (`FK_CORE_CATEGORY_COST`) REFERENCES `core_category_cost` (`id`) ON DELETE CASCADE ON UPDATE CASCADE,
  ADD CONSTRAINT `DEAN_BUDGET-FK_DEAN_PROJECT` FOREIGN KEY (`FK_DEAN_PROJECT`) REFERENCES `dean_project` (`id`) ON DELETE CASCADE ON UPDATE CASCADE;

--
-- Constraints for table `dean_budget_file`
--
ALTER TABLE `dean_budget_file`
  ADD CONSTRAINT `FK__dean_project` FOREIGN KEY (`FK_DEAN_PROJECT`) REFERENCES `dean_project` (`id`) ON DELETE CASCADE ON UPDATE CASCADE;

--
-- Constraints for table `dean_district`
--
ALTER TABLE `dean_district`
  ADD CONSTRAINT `FK1-FK_DEAN_GRADUATE` FOREIGN KEY (`FK_DEAN_GRADUATE`) REFERENCES `dean_graduate` (`id`) ON DELETE CASCADE ON UPDATE CASCADE;

--
-- Constraints for table `dean_graduate`
--
ALTER TABLE `dean_graduate`
  ADD CONSTRAINT `FK_dean_graduate_core_work` FOREIGN KEY (`FK_CORE_WORK`) REFERENCES `core_work` (`id`) ON DELETE CASCADE ON UPDATE CASCADE;

--
-- Constraints for table `dean_project`
--
ALTER TABLE `dean_project`
  ADD CONSTRAINT `FK11-FK_DEAN_GRADUATE` FOREIGN KEY (`FK_DEAN_GRADUATE`) REFERENCES `dean_graduate` (`id`) ON DELETE CASCADE ON UPDATE CASCADE,
  ADD CONSTRAINT `FK2-FK_DEAN_DISTRICT` FOREIGN KEY (`FK_DEAN_DISTRICT`) REFERENCES `dean_district` (`id`) ON DELETE CASCADE ON UPDATE CASCADE,
  ADD CONSTRAINT `FK3-FK_CORE_FACTION` FOREIGN KEY (`FK_CORE_FACTION`) REFERENCES `core_faction` (`id`) ON DELETE CASCADE ON UPDATE CASCADE,
  ADD CONSTRAINT `FK4-FK_CORE_WORK` FOREIGN KEY (`FK_CORE_WORK`) REFERENCES `core_work` (`id`) ON DELETE CASCADE ON UPDATE CASCADE,
  ADD CONSTRAINT `FK5-FK_CORE_MISSION` FOREIGN KEY (`FK_CORE_MISSION`) REFERENCES `core_mission` (`id`) ON DELETE CASCADE ON UPDATE CASCADE;

--
-- Constraints for table `dean_project_name`
--
ALTER TABLE `dean_project_name`
  ADD CONSTRAINT `FK__core_mission` FOREIGN KEY (`FK_CORE_MISSION`) REFERENCES `core_mission` (`id`) ON DELETE CASCADE ON UPDATE CASCADE;

--
-- Constraints for table `dean_resource`
--
ALTER TABLE `dean_resource`
  ADD CONSTRAINT `FK_dean_resource_dean_project` FOREIGN KEY (`FK_DEAN_PROJECT`) REFERENCES `dean_project` (`id`) ON DELETE CASCADE ON UPDATE CASCADE;

--
-- Constraints for table `dean_strategy_goal`
--
ALTER TABLE `dean_strategy_goal`
  ADD CONSTRAINT `FK1-FK_DEAN_STRATEGY_FACULTY` FOREIGN KEY (`FK_DEAN_STRATEGY_FACULTY`) REFERENCES `dean_strategy_faculty` (`id`) ON DELETE CASCADE ON UPDATE CASCADE;

--
-- Constraints for table `dean_strategy_kpi`
--
ALTER TABLE `dean_strategy_kpi`
  ADD CONSTRAINT `FK1-FK_DEAN_STRATEGY_GOAL` FOREIGN KEY (`FK_DEAN_STRATEGY_GOAL`) REFERENCES `dean_strategy_goal` (`id`) ON DELETE CASCADE ON UPDATE CASCADE;

--
-- Constraints for table `dept_budget`
--
ALTER TABLE `dept_budget`
  ADD CONSTRAINT `DEPT_BUDGET-FK_CORE_CATEGORY` FOREIGN KEY (`FK_CORE_CATEGORY`) REFERENCES `core_category` (`id`) ON DELETE CASCADE ON UPDATE CASCADE,
  ADD CONSTRAINT `DEPT_BUDGET-FK_CORE_CATEGORY_COST` FOREIGN KEY (`FK_CORE_CATEGORY_COST`) REFERENCES `core_category_cost` (`id`) ON DELETE CASCADE ON UPDATE CASCADE,
  ADD CONSTRAINT `DEPT_BUDGET-FK_DEPT_PROJECT` FOREIGN KEY (`FK_DEPT_PROJECT`) REFERENCES `dept_project` (`id`) ON DELETE CASCADE ON UPDATE CASCADE;

--
-- Constraints for table `dept_budget_file`
--
ALTER TABLE `dept_budget_file`
  ADD CONSTRAINT `FK__DEPT_PROJECT` FOREIGN KEY (`FK_DEPT_PROJECT`) REFERENCES `dept_project` (`id`) ON DELETE CASCADE ON UPDATE CASCADE;

--
-- Constraints for table `dept_district`
--
ALTER TABLE `dept_district`
  ADD CONSTRAINT `FK1-FK_DEPT_GRADUATE` FOREIGN KEY (`FK_DEPT_GRADUATE`) REFERENCES `dept_graduate` (`id`) ON DELETE CASCADE ON UPDATE CASCADE;

--
-- Constraints for table `dept_graduate`
--
ALTER TABLE `dept_graduate`
  ADD CONSTRAINT `FK1-FK_CORE_DEPARTMENT` FOREIGN KEY (`FK_CORE_DEPARTMENT`) REFERENCES `core_department` (`id`) ON DELETE CASCADE ON UPDATE CASCADE;

--
-- Constraints for table `dept_project`
--
ALTER TABLE `dept_project`
  ADD CONSTRAINT `FK-FK_CORE_DEPARTMENT` FOREIGN KEY (`FK_CORE_DEPARTMENT`) REFERENCES `core_faction` (`id`) ON DELETE CASCADE ON UPDATE CASCADE,
  ADD CONSTRAINT `FK-FK_CORE_MISSION` FOREIGN KEY (`FK_CORE_MISSION`) REFERENCES `core_mission` (`id`) ON DELETE CASCADE ON UPDATE CASCADE,
  ADD CONSTRAINT `FK11-FK_DEPT_GRADUATE` FOREIGN KEY (`FK_DEPT_GRADUATE`) REFERENCES `dept_graduate` (`id`) ON DELETE CASCADE ON UPDATE CASCADE,
  ADD CONSTRAINT `FK2-FK_DEPT_DISTRICT` FOREIGN KEY (`FK_DEPT_DISTRICT`) REFERENCES `dept_district` (`id`) ON DELETE CASCADE ON UPDATE CASCADE;

--
-- Constraints for table `dept_project_name`
--
ALTER TABLE `dept_project_name`
  ADD CONSTRAINT `FK_dept_core_mission` FOREIGN KEY (`FK_CORE_MISSION`) REFERENCES `core_mission` (`id`) ON DELETE CASCADE ON UPDATE CASCADE;

--
-- Constraints for table `dept_resource`
--
ALTER TABLE `dept_resource`
  ADD CONSTRAINT `FK_DEPT_resource_DEPT_project` FOREIGN KEY (`FK_DEPT_PROJECT`) REFERENCES `dept_project` (`id`) ON DELETE CASCADE ON UPDATE CASCADE;

--
-- Constraints for table `dept_strategy_goal`
--
ALTER TABLE `dept_strategy_goal`
  ADD CONSTRAINT `FK1-FK_DEPT_STRATEGY_FACULTY` FOREIGN KEY (`FK_DEPT_STRATEGY_FACULTY`) REFERENCES `dept_strategy_faculty` (`id`) ON DELETE CASCADE ON UPDATE CASCADE;

--
-- Constraints for table `dept_strategy_kpi`
--
ALTER TABLE `dept_strategy_kpi`
  ADD CONSTRAINT `FK1-FK_DEPT_STRATEGY_GOAL` FOREIGN KEY (`FK_DEPT_STRATEGY_GOAL`) REFERENCES `dept_strategy_goal` (`id`) ON DELETE CASCADE ON UPDATE CASCADE;

--
-- Constraints for table `profeser`
--
ALTER TABLE `profeser`
  ADD CONSTRAINT `FK__core_user` FOREIGN KEY (`user_id`) REFERENCES `core_user` (`id`) ON DELETE CASCADE ON UPDATE CASCADE;

--
-- Constraints for table `rev_allo_graduate`
--
ALTER TABLE `rev_allo_graduate`
  ADD CONSTRAINT `FK21` FOREIGN KEY (`FK_REV_ALLOCATE_GRADUATE`) REFERENCES `rev_allocate_graduate` (`ID`) ON DELETE CASCADE ON UPDATE CASCADE,
  ADD CONSTRAINT `FK__core_department-1` FOREIGN KEY (`FK_CORE_DEPARTMENT`) REFERENCES `core_department` (`id`) ON DELETE CASCADE ON UPDATE CASCADE;

--
-- Constraints for table `rev_allo_under`
--
ALTER TABLE `rev_allo_under`
  ADD CONSTRAINT `FK__1core_department` FOREIGN KEY (`FK_CORE_DEPARTMENT`) REFERENCES `core_department` (`id`) ON DELETE CASCADE ON UPDATE CASCADE,
  ADD CONSTRAINT `FK_rev_allo_under_rev_allocate_under` FOREIGN KEY (`FK_REV_ALLOCATE_UNDER`) REFERENCES `rev_allocate_under` (`id`) ON DELETE CASCADE ON UPDATE CASCADE;

--
-- Constraints for table `rev_cost`
--
ALTER TABLE `rev_cost`
  ADD CONSTRAINT `FK__core_department-REV_COST` FOREIGN KEY (`FK_CORE_DEPARTMENT`) REFERENCES `core_department` (`id`) ON DELETE CASCADE ON UPDATE CASCADE,
  ADD CONSTRAINT `FK_rev_cost_rev_cost_description` FOREIGN KEY (`FK_REV_COST_DESCRIPTION`) REFERENCES `rev_cost_description` (`ID`) ON DELETE CASCADE ON UPDATE CASCADE;

--
-- Constraints for table `rev_incomedean_allocation`
--
ALTER TABLE `rev_incomedean_allocation`
  ADD CONSTRAINT `--` FOREIGN KEY (`FK_CORE_DEPARTMENT`) REFERENCES `core_department` (`id`) ON DELETE CASCADE ON UPDATE CASCADE,
  ADD CONSTRAINT `FK_resv_incomedean_]allocation_description` FOREIGN KEY (`FK_REV_INCOME_ALLOCATION _DESCRIPTION`) REFERENCES `rev_incomedean_allocation_description` (`ID`) ON DELETE CASCADE ON UPDATE CASCADE;

--
-- Constraints for table `rev_incomedean_allocation_description`
--
ALTER TABLE `rev_incomedean_allocation_description`
  ADD CONSTRAINT `33` FOREIGN KEY (`FK_DEAN_STRATEGY_FACULTY`) REFERENCES `dean_strategy_faculty` (`id`) ON DELETE CASCADE ON UPDATE CASCADE,
  ADD CONSTRAINT `44` FOREIGN KEY (`FK_DEAN_STRATEGY_GOAL`) REFERENCES `dean_strategy_goal` (`id`) ON DELETE CASCADE ON UPDATE CASCADE,
  ADD CONSTRAINT `55` FOREIGN KEY (`FK_DEAN_STRATEGY_KPI`) REFERENCES `dean_strategy_kpi` (`id`) ON DELETE CASCADE ON UPDATE CASCADE;

--
-- Constraints for table `rev_incomedean_graduate`
--
ALTER TABLE `rev_incomedean_graduate`
  ADD CONSTRAINT `FK__core_faction` FOREIGN KEY (`FK_CORE_FACT`) REFERENCES `core_faction` (`id`) ON DELETE CASCADE ON UPDATE CASCADE,
  ADD CONSTRAINT `FK__core_work` FOREIGN KEY (`FK_CORE_WORK`) REFERENCES `core_work` (`id`) ON DELETE CASCADE ON UPDATE CASCADE,
  ADD CONSTRAINT `FK__rev_incomedean_graduate_description` FOREIGN KEY (`FK_REV_INCOMEDEAN_GRADUATE_DESCRIPTION`) REFERENCES `rev_incomedean_graduate_description` (`ID`) ON DELETE CASCADE ON UPDATE CASCADE;

--
-- Constraints for table `rev_incomedean_graduate_description`
--
ALTER TABLE `rev_incomedean_graduate_description`
  ADD CONSTRAINT `FK_rev_incomedean_graduate_description_dean_strategy_faculty` FOREIGN KEY (`FK_DEAN_STRATEGY_FACULTY`) REFERENCES `dean_strategy_faculty` (`id`) ON DELETE CASCADE ON UPDATE CASCADE,
  ADD CONSTRAINT `FK_rev_incomedean_graduate_description_dean_strategy_goal` FOREIGN KEY (`FK_DEAN_STRATEGY_GOAL`) REFERENCES `dean_strategy_goal` (`id`) ON DELETE CASCADE ON UPDATE CASCADE,
  ADD CONSTRAINT `FK_rev_incomedean_graduate_description_dean_strategy_kpi` FOREIGN KEY (`FK_DEAN_STRATEGY_KPI`) REFERENCES `dean_strategy_kpi` (`id`) ON DELETE CASCADE ON UPDATE CASCADE;

--
-- Constraints for table `rev_incomedean_other`
--
ALTER TABLE `rev_incomedean_other`
  ADD CONSTRAINT `FK__core_faction1` FOREIGN KEY (`FK_CORE_FACT`) REFERENCES `core_faction` (`id`) ON DELETE CASCADE ON UPDATE CASCADE,
  ADD CONSTRAINT `FK__core_work1` FOREIGN KEY (`FK_CORE_WORK`) REFERENCES `core_work` (`id`) ON DELETE CASCADE ON UPDATE CASCADE,
  ADD CONSTRAINT `FK__rev_ incomedean_other _description1` FOREIGN KEY (`FK_ REV_INCOMEDEAN_OTHER_DESCRIPTION`) REFERENCES `rev_ incomedean_other _description` (`ID`) ON DELETE CASCADE ON UPDATE CASCADE;

--
-- Constraints for table `rev_ incomedean_other _description`
--
ALTER TABLE `rev_ incomedean_other _description`
  ADD CONSTRAINT `FK_rev_ incomedean_other _description_dean_strategy_faculty` FOREIGN KEY (`FK_DEAN_STRATEGY_FACULTY`) REFERENCES `dean_strategy_faculty` (`id`) ON DELETE CASCADE ON UPDATE CASCADE,
  ADD CONSTRAINT `FK_rev_ incomedean_other _description_dean_strategy_goal` FOREIGN KEY (`FK_DEAN_STRATEGY_GOAL`) REFERENCES `dean_strategy_goal` (`id`) ON DELETE CASCADE ON UPDATE CASCADE,
  ADD CONSTRAINT `FK_rev_ incomedean_other _description_dean_strategy_kpi` FOREIGN KEY (`FK_DEAN_STRATEGY_KPI`) REFERENCES `dean_strategy_kpi` (`id`) ON DELETE CASCADE ON UPDATE CASCADE;

--
-- Constraints for table `rev_incomedean_under`
--
ALTER TABLE `rev_incomedean_under`
  ADD CONSTRAINT `1` FOREIGN KEY (`FK_CORE_FACT`) REFERENCES `core_faction` (`id`) ON DELETE CASCADE ON UPDATE CASCADE,
  ADD CONSTRAINT `2` FOREIGN KEY (`FK_CORE_WORK`) REFERENCES `core_work` (`id`) ON DELETE CASCADE ON UPDATE CASCADE,
  ADD CONSTRAINT `3` FOREIGN KEY (`FK_ REV_INCOMEDEAN_UNDER_DESCRIPTION`) REFERENCES `rev_incomedean_under_description` (`ID`) ON DELETE CASCADE ON UPDATE CASCADE;

--
-- Constraints for table `rev_incomedean_under_description`
--
ALTER TABLE `rev_incomedean_under_description`
  ADD CONSTRAINT `12` FOREIGN KEY (`FK_DEAN_STRATEGY_FACULTY`) REFERENCES `dean_strategy_faculty` (`id`) ON DELETE CASCADE ON UPDATE CASCADE,
  ADD CONSTRAINT `23` FOREIGN KEY (`FK_DEAN_STRATEGY_GOAL`) REFERENCES `dean_strategy_goal` (`id`) ON DELETE CASCADE ON UPDATE CASCADE,
  ADD CONSTRAINT `34` FOREIGN KEY (`FK_DEAN_STRATEGY_KPI`) REFERENCES `dean_strategy_kpi` (`id`) ON DELETE CASCADE ON UPDATE CASCADE;

--
-- Constraints for table `rev_incomedept_graduate`
--
ALTER TABLE `rev_incomedept_graduate`
  ADD CONSTRAINT `FK1-11-20FK_CORE_DEPARTMENT` FOREIGN KEY (`FK_CORE_DEPARTMENT`) REFERENCES `core_department` (`id`) ON DELETE CASCADE ON UPDATE CASCADE,
  ADD CONSTRAINT `FK_rev_income_rev_ incomedept_GRADUATE_description` FOREIGN KEY (`REV_INCOMEDEPT_GRADUATE_DESCRIPTION`) REFERENCES `rev_incomedept_graduate_description` (`ID`) ON DELETE CASCADE ON UPDATE CASCADE,
  ADD CONSTRAINT `FK_rev_incomedept_graduate_dept_graduate` FOREIGN KEY (`FK_DEPT_GRADUATE`) REFERENCES `dept_graduate` (`id`) ON DELETE CASCADE ON UPDATE CASCADE;

--
-- Constraints for table `rev_incomedept_graduate_description`
--
ALTER TABLE `rev_incomedept_graduate_description`
  ADD CONSTRAINT `FK1-DIS` FOREIGN KEY (`FK_DEPT_STRATEGY_FACULTY`) REFERENCES `dept_strategy_faculty` (`id`) ON DELETE CASCADE ON UPDATE CASCADE,
  ADD CONSTRAINT `FK2-DIS` FOREIGN KEY (`FK_DEPT_STRATEGY_GOAL`) REFERENCES `dept_strategy_goal` (`id`) ON DELETE CASCADE ON UPDATE CASCADE,
  ADD CONSTRAINT `FK3-DIS` FOREIGN KEY (`FK_DEPT_STRATEGY_KPI`) REFERENCES `dept_strategy_kpi` (`id`) ON DELETE CASCADE ON UPDATE CASCADE;

--
-- Constraints for table `rev_incomedept_graduate_file`
--
ALTER TABLE `rev_incomedept_graduate_file`
  ADD CONSTRAINT `FK_rev_incomedept_graduate_file_rev_incomedept_graduate` FOREIGN KEY (`FK_REV_INCOMEDEPT_GRADUATE`) REFERENCES `rev_incomedept_graduate` (`ID`) ON DELETE CASCADE ON UPDATE CASCADE;

--
-- Constraints for table `rev_incomedept_other`
--
ALTER TABLE `rev_incomedept_other`
  ADD CONSTRAINT `FK-in_rev_incomedept_other_dept_graduate` FOREIGN KEY (`FK_DEPT_GRADUATE`) REFERENCES `dept_graduate` (`id`) ON DELETE CASCADE ON UPDATE CASCADE,
  ADD CONSTRAINT `FK1---FK_CORE_DEPARTMENT` FOREIGN KEY (`FK_CORE_DEPARTMENT`) REFERENCES `core_department` (`id`) ON DELETE CASCADE ON UPDATE CASCADE,
  ADD CONSTRAINT `FK_rev_income_rev_ incomedept_other_description` FOREIGN KEY (`REV_INCOMEDEPT_OTHER_DESCRIPTION`) REFERENCES `rev_ incomedept_other_description` (`ID`) ON DELETE CASCADE ON UPDATE CASCADE;

--
-- Constraints for table `rev_ incomedept_other_description`
--
ALTER TABLE `rev_ incomedept_other_description`
  ADD CONSTRAINT `dis-other-fac` FOREIGN KEY (`FK_DEPT_STRATEGY_FACULTY`) REFERENCES `dept_strategy_faculty` (`id`) ON DELETE CASCADE ON UPDATE CASCADE,
  ADD CONSTRAINT `dis-other-goal` FOREIGN KEY (`FK_DEPT_STRATEGY_GOAL`) REFERENCES `dept_strategy_goal` (`id`) ON DELETE CASCADE ON UPDATE CASCADE,
  ADD CONSTRAINT `dis-other-kpi` FOREIGN KEY (`FK_DEPT_STRATEGY_KPI`) REFERENCES `dept_strategy_kpi` (`id`) ON DELETE CASCADE ON UPDATE CASCADE;

--
-- Constraints for table `rev_incomedept_other_file`
--
ALTER TABLE `rev_incomedept_other_file`
  ADD CONSTRAINT `FK_rev_incomedept_other_file_rev_incomedept_other` FOREIGN KEY (`FK_REV_INCOMEDEPT_OTHER`) REFERENCES `rev_incomedept_other` (`ID`) ON DELETE CASCADE ON UPDATE CASCADE;

--
-- Constraints for table `rev_incomedept_under`
--
ALTER TABLE `rev_incomedept_under`
  ADD CONSTRAINT `FK1-11-FK_CORE_DEPARTMENT` FOREIGN KEY (`FK_CORE_DEPARTMENT`) REFERENCES `core_department` (`id`) ON DELETE CASCADE ON UPDATE CASCADE,
  ADD CONSTRAINT `FK_rev_income_rev_ incomedept_UNDER_description` FOREIGN KEY (`REV_INCOMEDEPT_UNDER_DESCRIPTION`) REFERENCES `rev_incomedept_under_description` (`ID`) ON DELETE CASCADE ON UPDATE CASCADE,
  ADD CONSTRAINT `FK_rev_incomedept_under_dept_graduate` FOREIGN KEY (`FK_DEPT_GRADUATE`) REFERENCES `dept_graduate` (`id`) ON DELETE CASCADE ON UPDATE CASCADE;

--
-- Constraints for table `rev_incomedept_under_description`
--
ALTER TABLE `rev_incomedept_under_description`
  ADD CONSTRAINT `FK_rev_incomedept_under_description_dept_strategy_faculty` FOREIGN KEY (`FK_DEPT_STRATEGY_FACULTY`) REFERENCES `dept_strategy_faculty` (`id`) ON DELETE CASCADE ON UPDATE CASCADE,
  ADD CONSTRAINT `FK_rev_incomedept_under_description_dept_strategy_goal` FOREIGN KEY (`FK_DEPT_STRATEGY_GOAL`) REFERENCES `dept_strategy_goal` (`id`) ON DELETE CASCADE ON UPDATE CASCADE,
  ADD CONSTRAINT `FK_rev_incomedept_under_description_dept_strategy_kpi` FOREIGN KEY (`FK_DEPT_STRATEGY_KPI`) REFERENCES `dept_strategy_kpi` (`id`) ON DELETE CASCADE ON UPDATE CASCADE;

--
-- Constraints for table `rev_incomedept_under_file`
--
ALTER TABLE `rev_incomedept_under_file`
  ADD CONSTRAINT `FK_rev_incomedept_under_file_rev_incomedept_under` FOREIGN KEY (`FK_REV_INCOMEDEPT_UNDER`) REFERENCES `rev_incomedept_under` (`ID`) ON DELETE CASCADE ON UPDATE CASCADE;

--
-- Constraints for table `rev_summary`
--
ALTER TABLE `rev_summary`
  ADD CONSTRAINT `FK1-2152` FOREIGN KEY (`FK_CORE_DEPARTMENT`) REFERENCES `core_department` (`id`) ON DELETE CASCADE ON UPDATE CASCADE;

--
-- Constraints for table `rev_total_prevyear`
--
ALTER TABLE `rev_total_prevyear`
  ADD CONSTRAINT `FK1--FK_CORE_DEPARTMENT` FOREIGN KEY (`FK_CORE_DEPARTMENT`) REFERENCES `core_department` (`id`) ON DELETE CASCADE ON UPDATE CASCADE;
COMMIT;

/*!40101 SET CHARACTER_SET_CLIENT=@OLD_CHARACTER_SET_CLIENT */;
/*!40101 SET CHARACTER_SET_RESULTS=@OLD_CHARACTER_SET_RESULTS */;
/*!40101 SET COLLATION_CONNECTION=@OLD_COLLATION_CONNECTION */;
